ID,projectID,projectName,duration,field,views,appreciations,comments,pic,color,ownerID,ownerName,ownerDuration,ownerFollowings,ownerFollowers,ownerViews,ownerAppreciations,ownerComments
0,21573095,HOYO drill,1781,Industrial Design,40490,4077,190,https://mir-s3-cdn-cf.behance.net/projects/404/193fc221573095.Y3JvcCw2NTQsNTEyLDM1NCwx.png,"[{'r': 193, 'g': 196, 'b': 200}]",1496761,pascalruelle,2617,238,9257,440766,26001,68
1,1176939,I.D. SKETCHING & MARKER RENDERING,3128,Drawing,15341,1081,33,https://mir-s3-cdn-cf.behance.net/projects/404/7c38621176939.Y3JvcCw0MDUwMCwzMTcwMCwwLDA.jpg,"[{'r': 253, 'g': 253, 'b': 254}]",382147,begumtomruk,3128,1081,1875,57644,2998,46
2,64672321,Nautilus,504,Industrial Design,7450,1011,40,https://mir-s3-cdn-cf.behance.net/projects/404/f821ca64672321.Y3JvcCw4NzgsNjg3LDIyNSwzMA.jpg,"[{'r': 20, 'g': 41, 'b': 46}]",304397,alexanderkaula,3187,270,707,16900,1641,26
3,53335009,Design sketches Summer 2017,870,Industrial Design,9370,886,16,https://mir-s3-cdn-cf.behance.net/projects/404/76897e53335009.Y3JvcCwxMTM2LDg4OSwyMzUsMTAz.jpg,"[{'r': 218, 'g': 218, 'b': 218}]",4325761,filipchaeder,2147,5,4393,70798,6042,2
4,4874959,PANASONIC - Elisa,2617,Industrial Design,11955,776,23,https://mir-s3-cdn-cf.behance.net/projects/404/4874959.546461d82b28d.jpg,"[{'r': 14, 'g': 14, 'b': 14}]",1496761,pascalruelle,2617,238,9257,440766,26001,68
5,37775665,DESIGN SKETCHBOOK 2016,1238,Industrial Design,17344,766,14,https://mir-s3-cdn-cf.behance.net/projects/404/54895137775665.Y3JvcCw0ODMsMzc4LDEwNiw0NTk.jpg,"[{'r': 248, 'g': 248, 'b': 248}]",386257,msaninm,3126,481,2997,118591,8883,46
6,34983993,Skil Power Drill,761,Industrial Design,2722,400,21,https://mir-s3-cdn-cf.behance.net/projects/404/6a017f34983993.Y3JvcCwxMTYwLDkwOCwwLDA.jpg,"[{'r': 41, 'g': 41, 'b': 41}]",2591371,jacobstanton,2370,275,548,12653,1428,32
7,24969837,POC Screw Driver,1663,Branding,3710,374,10,https://mir-s3-cdn-cf.behance.net/projects/404/8087c124969837.Y3JvcCwyODQ3LDIyMjgsMCww.jpg,"[{'r': 209, 'g': 209, 'b': 209}]",12154301,daureb01dfd9,1686,86,764,22850,1446,4
8,264796,DCI Digitrack F2 Drill-Head Locator,3749,Industrial Design,8660,366,8,https://mir-s3-cdn-cf.behance.net/projects/404/24d2a7264796.Y3JvcCw1NjcsNDQ0LDIyMywzOQ.jpg,"[{'r': 98, 'g': 111, 'b': 134}]",76255,Timothy,4127,57,4051,135203,8297,16
9,14229349,Porter Cable Power Tools,2033,Branding,6115,353,26,https://mir-s3-cdn-cf.behance.net/projects/404/14229349.548536c39b751.jpg,"[{'r': 36, 'g': 36, 'b': 35}]",160508,jimtirone,3492,90,1675,95190,4588,50
10,25806123,Resqtec S1,1634,Branding,5556,349,11,https://mir-s3-cdn-cf.behance.net/projects/404/fe44b425806123.5541fae0f2d7a.png,"[{'r': 49, 'g': 45, 'b': 38}]",12947431,enginguzel,1652,37,237,7947,447,2
11,9847833,Auto revolver drill,2287,Industrial Design,4970,344,13,https://mir-s3-cdn-cf.behance.net/projects/404/9847833.547ece93f0c4a.jpg,"[{'r': 250, 'g': 250, 'b': 250}]",3074269,junhoyoon,2292,55,280,12007,627,0
12,66490385,NEW DRILL DESIGN,501,Industrial Design,2224,271,8,https://mir-s3-cdn-cf.behance.net/projects/404/646f4f66490385.Y3JvcCwxOTYxLDE1MzQsMTAwOSwzMzA.jpg,"[{'r': 43, 'g': 43, 'b': 43}]",74222937,yhsdesign,904,286,152,4350,490,19
13,25357767,FREE 3D model cordless drill,1649,Graphic Design,5086,250,6,https://mir-s3-cdn-cf.behance.net/projects/404/110aef25357767.Y3JvcCw5OTksNzgyLDAsMjM4OA.jpg,"[{'r': 24, 'g': 24, 'b': 24}]",2236501,scropin,2435,216,2247,62822,5348,106
14,7483395,RADR- power drill for radial surfaces,2418,Industrial Design,3577,231,7,https://mir-s3-cdn-cf.behance.net/projects/404/7483395.54722ab2b1a1d.jpg,"[{'r': 22, 'g': 22, 'b': 22}]",1660403,abhianupdesign,2573,129,376,13889,864,9
15,25852017,Design Portfolio,1490,Graphic Design,5944,221,11,https://mir-s3-cdn-cf.behance.net/projects/404/be842c25852017.5afcc579c6ebf.jpg,"[{'r': 250, 'g': 250, 'b': 250}]",2314525,ALGREEN,2419,561,374,19823,938,189
16,26602063,MAG : electric drill,1606,Industrial Design,3414,197,1,https://mir-s3-cdn-cf.behance.net/projects/404/7ae12e26602063.5565f788b9246.jpg,"[{'r': 207, 'g': 207, 'b': 207}]",5298315,hnsc,2050,35,295,8796,660,1
17,45439109,BLACK+DECKER - 20v Compact Drill Family,1064,Industrial Design,2449,170,7,https://mir-s3-cdn-cf.behance.net/projects/404/ca6bcb45439109.Y3JvcCwyMDcyLDE2MjIsMTU4LDIxNA.png,"[{'r': 100, 'g': 96, 'b': 88}]",7569715,joe_cooper,1886,290,1236,31434,2563,8
18,16992013,POWER TOOLS / Strumenti da lavoro,1980,Industrial Design,2272,165,6,https://mir-s3-cdn-cf.behance.net/projects/404/16992013.548bcc835a096.jpg,"[{'r': 254, 'g': 254, 'b': 254}]",1101444,giulia-agnoletto,2736,171,652,24436,1830,16
19,20112903,Ryobi - Power Tools for Apartment Living,1847,Industrial Design,1472,156,8,https://mir-s3-cdn-cf.behance.net/projects/404/20112903.5428c8834486d.jpg,"[{'r': 241, 'g': 241, 'b': 237}]",2344769,jstough,2413,9,192,5296,347,0
20,28103993,Ryobi Power Tool Concept,1551,Industrial Design,2738,138,4,https://mir-s3-cdn-cf.behance.net/projects/404/6c4a4728103993.55e0f9b869252.jpg,"[{'r': 116, 'g': 116, 'b': 116}]",1553051,britleek,2602,90,619,19043,848,12
21,15952539,Portfolio 2014,2020,Branding,2794,137,7,https://mir-s3-cdn-cf.behance.net/projects/404/15952539.548a4c8275088.jpg,"[{'r': 235, 'g': 235, 'b': 235}]",2344769,jstough,2413,9,192,5296,347,0
22,59921893,3D Drill Visualization Render,673,Industrial Design,3786,126,4,https://mir-s3-cdn-cf.behance.net/projects/404/28afd659921893.Y3JvcCwxMzg0LDEwODMsMjcwLDA.png,"[{'r': 229, 'g': 169, 'b': 99}]",5132003,jeremylwande,2068,122,124,16849,401,23
23,30458541,FREE 3D scene corded drill,1462,Digital Art,2034,122,5,https://mir-s3-cdn-cf.behance.net/projects/404/10eccb30458541.Y3JvcCwxMDkyLDg1NCwwLDI3.png,"[{'r': 255, 'g': 255, 'b': 255}]",2236501,scropin,2435,216,2247,62822,5348,106
24,40907509,Codeless Drill,1185,Industrial Design,1991,119,4,https://mir-s3-cdn-cf.behance.net/projects/404/86576140907509.Y3JvcCwxMjc3LDk5OSw2NiwxMTA.jpg,"[{'r': 14, 'g': 15, 'b': 16}]",3442707,TaeheonKim,2238,186,251,7967,663,5
25,42667381,Caburé G-26,1135,Industrial Design,1128,115,7,https://mir-s3-cdn-cf.behance.net/projects/404/5ab1bb42667381.Y3JvcCw0MTA4LDMyMTMsOTM1LDgx.jpg,"[{'r': 254, 'g': 254, 'b': 254}]",15838137,ipedraza,1551,128,104,3530,257,11
26,55595535,Electrolux Power Drill,802,Industrial Design,1164,114,2,https://mir-s3-cdn-cf.behance.net/projects/404/152dd055595535.Y3JvcCwzMTI1LDI0NDYsMCwxMTU.jpg,"[{'r': 251, 'g': 251, 'b': 251}]",69444093,akao09197fd2,942,214,125,5677,617,12
27,6109319,Bosch hand drill,2516,Digital Art,1702,114,3,https://mir-s3-cdn-cf.behance.net/projects/404/6109319.546ad06a22568.jpg,"[{'r': 150, 'g': 171, 'b': 159}]",539966,anandshetye,3021,154,99,3213,168,156
28,31161083,SolidWorks projects,1438,Industrial Design,556,107,6,https://mir-s3-cdn-cf.behance.net/projects/404/05b19731161083.Y3JvcCwxNDI2LDExMTUsMTMwLDcz.jpg,"[{'r': 253, 'g': 253, 'b': 253}]",6174957,katarzynage8b8,1960,84,382,11870,3323,465
29,42534263,Porter Cable Brushless,887,Branding,1268,93,0,https://mir-s3-cdn-cf.behance.net/projects/404/a20d0b42534263.Y3JvcCwxMTI1LDg4MSwxMjIsNDky.png,"[{'r': 255, 'g': 255, 'b': 254}]",160508,jimtirone,3492,90,1675,95190,4588,50
30,22146979,Husqvarna Drill,1490,Industrial Design,1265,91,4,https://mir-s3-cdn-cf.behance.net/projects/404/db35ad22146979.54fcbcf49a508.jpg,"[{'r': 255, 'g': 104, 'b': 27}]",2314525,ALGREEN,2419,561,374,19823,938,189
31,14640447,Woodpecker Drill,2032,Industrial Design,1249,90,2,https://mir-s3-cdn-cf.behance.net/projects/404/14640447.5485d1df5fbc2.jpg,"[{'r': 248, 'g': 248, 'b': 247}]",2480821,kabir-singh,2390,225,105,6372,362,1
32,12996335,Louis Vuitton + Drill,2139,Industrial Design,905,89,3,https://mir-s3-cdn-cf.behance.net/projects/404/12996335.548371992bcab.jpg,"[{'r': 235, 'g': 235, 'b': 235}]",300622,avndsouza,3192,86,119,2896,231,1
33,14822755,Bostitch Work,1774,Industrial Design,1294,89,4,https://mir-s3-cdn-cf.behance.net/projects/404/14822755.5488dba77519b.jpg,"[{'r': 255, 'g': 175, 'b': 0}]",792747,Tylan,2873,214,434,11378,721,9
34,36469441,Bosch SenSo- power tool,1273,Industrial Design,1307,89,3,https://mir-s3-cdn-cf.behance.net/projects/404/3ac8e636469441.Y3JvcCwxMjcxLDk5NSwwLDA.jpg,"[{'r': 18, 'g': 19, 'b': 18}]",9478619,ID_Carmen,1811,256,70,1465,98,3
35,34734961,Model Making- Hand drill,1323,Crafts,702,85,4,https://mir-s3-cdn-cf.behance.net/projects/404/e2da6d34734961.Y3JvcCw5NTgsNzQ5LDIwNiw0OQ.jpg,"[{'r': 239, 'g': 160, 'b': 98}]",9000605,kristinfrancis,1829,312,149,5765,531,34
36,7518451,Orthos Drill,2416,Engineering,736,63,2,https://mir-s3-cdn-cf.behance.net/projects/404/7518451.54725aca3dec2.jpg,"[{'r': 244, 'g': 244, 'b': 244}]",942150,lucaharrellb441,2802,51,87,4312,146,1
37,21622363,KD Group - Various Projects,1674,Engineering,972,62,16,https://mir-s3-cdn-cf.behance.net/projects/404/21622363.547631dc6d4e0.jpg,"[{'r': 251, 'g': 251, 'b': 251}]",89179,julienbergignat,3965,2491,13624,236032,11607,679
38,20034045,Mac One Drill for MAC ALLISTER,1776,Branding,935,59,1,https://mir-s3-cdn-cf.behance.net/projects/404/20034045.54805355d5cfc.jpg,"[{'r': 245, 'g': 243, 'b': 236}]",4269837,kingfisher_design,2153,52,583,37804,1763,1
39,23893373,Madras Crocodile Bank Trust - DesignEarth,1700,Creative Direction,850,57,1,https://mir-s3-cdn-cf.behance.net/projects/404/0b0b6c23893373.Y3JvcCw0MDQwMCwzMTYwMCwwLDA.jpg,"[{'r': 35, 'g': 40, 'b': 21}]",11517229,Karan_Kumar,1714,224,187,8034,599,16
40,14599721,Hilti Compact Hammer Drill,2033,Industrial Design,1265,54,0,https://mir-s3-cdn-cf.behance.net/projects/404/14599721.5485bd013f7cc.jpg,"[{'r': 222, 'g': 225, 'b': 222}]",2480821,kabir-singh,2390,225,105,6372,362,1
41,54436843,Cordless Drill Concept Design X 2017,838,Industrial Design,469,52,2,https://mir-s3-cdn-cf.behance.net/projects/404/9abe7154436843.Y3JvcCw5MjEsNzIxLDE1OSwzNg.jpg,"[{'r': 44, 'g': 47, 'b': 44}]",153838,FKAYA,3524,650,386,31439,2898,95
42,44076817,Concept Cordless Drill Design 2016,1096,Industrial Design,465,49,0,https://mir-s3-cdn-cf.behance.net/projects/404/3809b544076817.Y3JvcCw3MjYsNTY4LDcwLDU5.jpeg,"[{'r': 7, 'g': 10, 'b': 47}]",153838,FKAYA,3524,650,386,31439,2898,95
43,25986877,Husqvarna Drill Stand 900,1627,Engineering,1202,48,2,https://mir-s3-cdn-cf.behance.net/projects/404/b5212325986877.554a672e4d5c8.jpg,"[{'r': 254, 'g': 255, 'b': 255}]",936778,edmartin,2804,59,1019,35238,1687,11
44,32761453,DeWalt Project,1378,Drawing,795,48,3,https://mir-s3-cdn-cf.behance.net/projects/404/25916c32761453.Y3JvcCw5OTIsNzc2LDEyNCwyNA.jpg,"[{'r': 254, 'g': 254, 'b': 253}]",8285739,danielsillustration,1842,34,1028,65912,3429,0
45,34208187,Dyson Alfresco: Chainsaw,1338,Graphic Design,1127,48,2,https://mir-s3-cdn-cf.behance.net/projects/404/7bec0a34208187.Y3JvcCw2MzQsNDk2LDYyLDE.jpg,"[{'r': 255, 'g': 255, 'b': 255}]",4214481,kylelaidlaw,2157,51,62,3373,162,0
46,54865717,Loka drill,824,Industrial Design,1193,48,3,https://mir-s3-cdn-cf.behance.net/projects/404/a9c51754865717.Y3JvcCwxMDA5LDc5MCwyMTQsMA.png,"[{'r': 39, 'g': 39, 'b': 39}]",16144459,vikakhlopo88e3,1542,18,20,1912,95,7
47,69522693,BLACK + DECKER 20V AUTOSENSE DRILL/DRIVER,418,Industrial Design,403,46,0,https://mir-s3-cdn-cf.behance.net/projects/404/37043569522693.Y3JvcCwyMTY1LDE2OTMsMzkxLDMyNg.png,"[{'r': 16, 'g': 16, 'b': 17}]",196951461,davidmille3489,424,1,180,3355,319,0
48,21851673,FURADEIRA E PARAFUSADEIRA COM BATERIA,1779,Industrial Design,491,42,0,https://mir-s3-cdn-cf.behance.net/projects/404/21851673.5482109b85576.jpg,"[{'r': 233, 'g': 248, 'b': 255}]",4398927,leandrots,2140,1211,203,7092,553,25
49,8175069,Drill,2378,Illustration,943,42,3,https://mir-s3-cdn-cf.behance.net/projects/404/8175069.5475e8aa1d1e8.jpg,"[{'r': 255, 'g': 0, 'b': 0}]",2489733,kkk-,2388,311,2288,41646,3548,31
50,9745261,Drill,2293,Industrial Design,999,42,1,https://mir-s3-cdn-cf.behance.net/projects/404/9745261.547e3cb9cf961.jpg,"[{'r': 252, 'g': 252, 'b': 253}]",1546231,BGD,2603,70,820,33878,2155,3
51,34639433,Sony Household Powertool Station,1326,Industrial Design,587,40,1,https://mir-s3-cdn-cf.behance.net/projects/404/d9fbfa34639433.Y3JvcCw0MDUwMCwzMTcwMCwwLDA.jpg,"[{'r': 33, 'g': 32, 'b': 30}]",14041901,Augustzheng,1610,37,465,11001,1044,1
52,25044395,Select - Cordless Drill,1660,Engineering,729,39,4,https://mir-s3-cdn-cf.behance.net/projects/404/b31b8525044395.551eb45724c69.jpg,"[{'r': 254, 'g': 165, 'b': 26}]",12697793,DavidNeedham,1663,150,202,7131,514,16
53,25122313,Cordless Drill Concept,1317,Drawing,997,36,2,https://mir-s3-cdn-cf.behance.net/projects/404/86a66025122313.Y3JvcCwyODgwLDIyNTQsMTU2LDIwMQ.jpg,"[{'r': 206, 'g': 197, 'b': 185}]",1916939,OwenWhiting,2510,156,321,25455,988,2
54,27756311,Push - Cordless Drill,1565,Industrial Design,506,36,0,https://mir-s3-cdn-cf.behance.net/projects/404/3124a127756311.559d1b9051532.jpg,"[{'r': 255, 'g': 255, 'b': 255}]",11945539,KaesarDesign,1695,454,127,33881,1884,21
55,34391211,Hammer Driver/Drill,1333,Industrial Design,772,36,1,https://mir-s3-cdn-cf.behance.net/projects/404/c5fdfc34391211.Y3JvcCw0MDQsMzE2LDY5LDA.jpg,"[{'r': 249, 'g': 249, 'b': 250}]",9782725,seyong,1798,245,98,2972,112,68
56,56314811,AEG Brushless Hammer Drill BSB 18 CBL,779,Industrial Design,396,36,4,https://mir-s3-cdn-cf.behance.net/projects/404/e1506d56314811.Y3JvcCwxNTQ1LDEyMDksOTUwLDE2Nw.jpg,"[{'r': 18, 'g': 17, 'b': 20}]",11312267,vincentchan46,1724,37,65,1234,112,3
57,5923521,BOSCH HAND DRILL,2530,Digital Photography,806,34,1,https://mir-s3-cdn-cf.behance.net/projects/404/5923521.5469d4595f63c.jpg,"[{'r': 143, 'g': 211, 'b': 200}]",669374,Tamilanbu_Murthi,2941,343,747,23833,1389,17
58,75244097,You Thrill Me When You Cordless Drill Me,270,Illustration,170,34,2,https://mir-s3-cdn-cf.behance.net/projects/404/5b9e4375244097.Y3JvcCwzMjAwLDI1MDIsMCwzODg.png,"[{'r': 158, 'g': 160, 'b': 162}]",3527845,jenkins44,2226,221,610,14280,2575,1756
59,24611129,Vill - A Powerful Drill Design,1676,Industrial Design,584,33,0,https://mir-s3-cdn-cf.behance.net/projects/404/7b97ed24611129.550a704259eb6.jpg,"[{'r': 253, 'g': 253, 'b': 253}]",5058107,bxftom,2075,24,55,3433,118,0
60,36562041,Level,1271,Engineering,696,32,0,https://mir-s3-cdn-cf.behance.net/projects/404/db6b7036562041.Y3JvcCwyNjQzLDIwNjUsMCw1Nzc.jpg,"[{'r': 90, 'g': 36, 'b': 30}]",2820163,tristancannan,2329,323,293,8104,435,13
61,2940931,Visual Communications,2773,Drawing,649,30,0,https://mir-s3-cdn-cf.behance.net/projects/404/2940931.545a72dda42c5.jpg,"[{'r': 251, 'g': 251, 'b': 252}]",876933,BettyHuang,2829,73,148,9348,232,9
62,55237479,MAC Tools 20v Max BL Spec Impact Driver & Impact Wrench,716,Industrial Design,728,30,0,https://mir-s3-cdn-cf.behance.net/projects/404/9ab95955237479.Y3JvcCw4NDUsNjYxLDExMCww.png,"[{'r': 1, 'g': 1, 'b': 1}]",2373033,Toycrayon,2407,87,118,3800,234,0
63,29461545,Cordless Drill Concept,1476,Industrial Design,541,29,3,https://mir-s3-cdn-cf.behance.net/projects/404/de8d2229461545.561173908abaa.jpg,"[{'r': 232, 'g': 232, 'b': 232}]",6122313,filipsdesign,1965,39,36,1055,63,9
64,50699589,Baker Hughes 3D Drill,938,Industrial Design,132,29,2,https://mir-s3-cdn-cf.behance.net/projects/404/18841d50699589.Y3JvcCwxMDA5LDc5MCwzMjksMA.jpg,"[{'r': 169, 'g': 188, 'b': 203}]",69410219,mhelvin2241df4,942,131,344,22999,2140,1057
65,15318407,Marker Rendering & Sketching,2044,Drawing,851,27,1,https://mir-s3-cdn-cf.behance.net/projects/404/e474b015318407.Y3JvcCw5ODgsNzczLDAsMTkwNg.jpg,"[{'r': 254, 'g': 254, 'b': 254}]",5352221,mehmetmehmetalioglu,2044,74,1026,33862,2806,0
66,58762117,Drill Bird,706,Industrial Design,181,27,2,https://mir-s3-cdn-cf.behance.net/projects/404/98e0af58762117.Y3JvcCw1MjczLDQxMjgsMjQ3LDA.jpg,"[{'r': 214, 'g': 214, 'b': 214}]",5296275,yasinunlusoy,2050,589,99,2465,244,2
67,20043709,Industrial desing. Drilling rigs,1850,Automotive Design,269,25,2,https://mir-s3-cdn-cf.behance.net/projects/404/20043709.54244ddef1893.jpg,"[{'r': 230, 'g': 234, 'b': 232}]",1266649,airarchitects,2678,2232,2315,58168,5601,145
68,21017191,Driller VFX,1811,Industrial Design,302,25,6,https://mir-s3-cdn-cf.behance.net/projects/404/21017191.54580b358be1e.jpg,"[{'r': 237, 'g': 237, 'b': 236}]",1216271,SALAH_DESIGN,2695,116,152,4685,270,208
69,7130777,Shimano's Pro-Tools,2440,Industrial Design,582,25,3,https://mir-s3-cdn-cf.behance.net/projects/404/7130777.54704570201dd.jpg,"[{'r': 254, 'g': 253, 'b': 254}]",2065035,kev-design,2470,55,81,4291,134,9
70,79616765,Bosch PS11 12V Angle Drill,172,Industrial Design,278,25,0,https://mir-s3-cdn-cf.behance.net/projects/404/d4e7c479616765.Y3JvcCwzNDUxLDI3MDAsMTE3MCww.jpg,"[{'r': 213, 'g': 204, 'b': 207}]",103740239,David-Mucci,738,9,272,6110,662,0
71,1324939,Guild Fine Power Tools,3098,Product Design,2927,24,1,https://mir-s3-cdn-cf.behance.net/projects/404/1324939.544a1d8e476c8.jpg,"[{'r': 182, 'g': 182, 'b': 182}]",136619,brianjeffcock,3597,178,85,9550,167,9
72,18321299,Photo-realistic drill illustration,1925,Digital Art,487,24,0,https://mir-s3-cdn-cf.behance.net/projects/404/18321299.548dc2d040445.jpg,"[{'r': 254, 'g': 254, 'b': 254}]",6937521,MeyTremblay,1925,4,17,1730,64,0
73,15914455,Drill,2022,Industrial Design,426,23,0,https://mir-s3-cdn-cf.behance.net/projects/404/15914455.548a3e61e83b2.jpg,"[{'r': 43, 'g': 43, 'b': 43}]",2489941,michaelnowak,2388,139,3076,65844,7610,7
74,34572247,Cordless Rotary Hammer,1327,Industrial Design,626,23,0,https://mir-s3-cdn-cf.behance.net/projects/404/ae086134572247.Y3JvcCw0MDQsMzE2LDczLDA.jpg,"[{'r': 164, 'g': 162, 'b': 167}]",9782725,seyong,1798,245,98,2972,112,68
75,64006709,Ruchit gandhi,564,Industrial Design,292,23,0,https://mir-s3-cdn-cf.behance.net/projects/404/b7589f64006709.Y3JvcCw0NDk2LDM1MTksMzQ0LDA.png,"[{'r': 246, 'g': 246, 'b': 246}]",30990985,rjgmech3922,1302,11,17,577,75,2
76,16640255,Variable-Angle Drill (2014 Senior Thesis),1987,Branding,723,22,2,https://mir-s3-cdn-cf.behance.net/projects/404/16640255.548b4ab619442.jpg,"[{'r': 254, 'g': 254, 'b': 254}]",3973821,KPology,2180,444,336,10823,574,39
77,26666705,Design and visualization of a cordless drill,1605,Computer Animation,310,22,1,https://mir-s3-cdn-cf.behance.net/projects/404/7a059f26666705.556876dfb0819.jpg,"[{'r': 15, 'g': 13, 'b': 14}]",14177785,RocketStudio3d,1605,1,7,309,22,0
78,35042045,Iron Drill - A drilling machine for Iron Man.,1314,Drawing,565,22,0,https://mir-s3-cdn-cf.behance.net/projects/404/3583e635042045.Y3JvcCwzMTY5LDI0NzksMjQzLDA.jpg,"[{'r': 5, 'g': 7, 'b': 14}]",27184396,MatiasPenttila,1354,1,10,1011,32,0
79,47425137,DeWalt Drill driver,1009,Branding,228,22,3,https://mir-s3-cdn-cf.behance.net/projects/404/de07e047425137.Y3JvcCwxMjI1LDk1OCwwLDM5.jpg,"[{'r': 41, 'g': 43, 'b': 51}]",60978159,galiskanded446,1009,0,33,514,52,0
80,27496549,Absolut Hookah,1574,Art Direction,554,21,2,https://mir-s3-cdn-cf.behance.net/projects/404/169e0727496549.55904b79a2fd1.jpg,"[{'r': 218, 'g': 204, 'b': 163}]",4506777,ShreyanshGupta,2125,106,287,15228,1057,71
81,62788727,Product Design / Drill Concept Sketches Series,595,Industrial Design,463,21,0,https://a5.behance.net/54e1c59327a738f2fc6d1725d9da6fd503f588c2/img/covers/404-blocked.png,"[{'r': 91, 'g': 93, 'b': 96}]",26775327,irfanciftci,1360,121,1033,24358,1083,4
82,63957601,pocket hand drill,565,Industrial Design,93,21,2,https://mir-s3-cdn-cf.behance.net/projects/404/d1ddbe63957601.Y3JvcCw0NjA3LDM2MDYsNDU1LDA.png,"[{'r': 240, 'g': 240, 'b': 240}]",30990985,rjgmech3922,1302,11,17,577,75,2
83,67122843,STIHL Screwdriver,483,Industrial Design,156,21,1,https://mir-s3-cdn-cf.behance.net/projects/404/6b5ade67122843.Y3JvcCwxNDM4LDExMjUsMjEzLDA.png,"[{'r': 253, 'g': 253, 'b': 253}]",111628701,pessanhavrsa,706,10,9,395,47,1
84,11991087,Taladro / Drill,2172,Industrial Design,652,20,1,https://mir-s3-cdn-cf.behance.net/projects/404/11991087.54822b3e9b734.jpg,"[{'r': 101, 'g': 101, 'b': 102}]",2154865,carlosmbernalm,2452,149,56,4596,227,22
85,61281595,"3D Modeling ""Drill Bit""",632,Character Design,120,20,2,https://mir-s3-cdn-cf.behance.net/projects/404/174a2861281595.Y3JvcCwxMTIxLDg3NywxNDEsMA.jpg,"[{'r': 138, 'g': 138, 'b': 138}]",35581371,ChelaGiraldo,1241,85,55,3360,356,44
86,83325563,"Screwdriver ""løse""",83,Industrial Design,217,20,0,https://mir-s3-cdn-cf.behance.net/projects/404/1c0f6983325563.Y3JvcCw2NjEsNTE3LDYzMSwyMzc.jpg,"[{'r': 174, 'g': 174, 'b': 174}]",114971749,mariashcherbakova,691,24,7,541,51,0
87,11142755,Cordless drill redesign (2012),2214,Industrial Design,877,19,5,https://mir-s3-cdn-cf.behance.net/projects/404/11142755.5480f8f0913b7.jpg,"[{'r': 255, 'g': 253, 'b': 236}]",2288639,FernanddeWolf,2425,138,63,4345,190,17
88,22590699,"On/Under The Surface: Robertson, Kyle",1745,Industrial Design,384,19,0,https://mir-s3-cdn-cf.behance.net/projects/404/22590699.54af195924041.jpg,"[{'r': 88, 'g': 86, 'b': 87}]",10333711,kylejohnrobertson,1771,31,31,1863,62,0
89,34238065,Sketches,1337,Industrial Design,301,19,0,https://mir-s3-cdn-cf.behance.net/projects/404/a5e99634238065.Y3JvcCw0OTAwLDM4MzMsMjI1Niww.jpg,"[{'r': 253, 'g': 253, 'b': 253}]",8235227,HJHan,1845,52,57,2622,193,0
90,47075723,Cordless Drill Packing Design 2017,1017,Industrial Design,336,19,0,https://mir-s3-cdn-cf.behance.net/projects/404/4dbe8f47075723.Y3JvcCw1MjYsNDExLDMyMywxNTM.jpg,"[{'r': 17, 'g': 17, 'b': 19}]",153838,FKAYA,3524,650,386,31439,2898,95
91,13415387,Miele Power Drill Concept,2120,Industrial Design,1063,18,0,https://mir-s3-cdn-cf.behance.net/projects/404/13415387.54840ec94edd9.jpg,"[{'r': 101, 'g': 97, 'b': 105}]",715322,valinoti,2916,46,18,1169,21,1
92,17966167,MUUUV!,1940,Automotive Design,401,18,1,https://mir-s3-cdn-cf.behance.net/projects/404/17966167.548d3bb779956.jpg,"[{'r': 44, 'g': 44, 'b': 44}]",6566495,IrinaCasal,1942,9,36,3897,140,0
93,23643393,Sketching,1710,Drawing,192,18,0,https://mir-s3-cdn-cf.behance.net/projects/404/f4101423643393.Y3JvcCwxNDAzLDEwOTgsMCwzNA.jpg,"[{'r': 81, 'g': 170, 'b': 170}]",11477867,DemianE,1716,106,51,1850,184,18
94,26233497,Svito,1618,Industrial Design,218,18,1,https://mir-s3-cdn-cf.behance.net/projects/404/601d1a26233497.55550a54bf7cc.png,"[{'r': 208, 'g': 205, 'b': 205}]",6628049,ovvadias,1940,85,134,7782,385,3
95,4835179,Hello Kitty Hand Drill,2621,Industrial Design,918,18,1,https://mir-s3-cdn-cf.behance.net/projects/404/4835179.54642e4abe156.jpg,"[{'r': 208, 'g': 254, 'b': 255}]",1473009,tombalko,2623,1654,448,61252,1942,75
96,15042023,KOBRA - Electric Drill,2055,Industrial Design,552,17,0,https://mir-s3-cdn-cf.behance.net/projects/404/15042023.5489003809e0c.jpg,"[{'r': 249, 'g': 252, 'b': 253}]",4784451,erichsl,2096,25,40,2237,66,0
97,32500529,Design-lapse : Matrix,1387,Industrial Design,395,17,0,https://mir-s3-cdn-cf.behance.net/projects/404/9da08932500529.Y3JvcCwyMTQzLDE2NzYsNDY3LDYw.jpg,"[{'r': 254, 'g': 254, 'b': 254}]",510828,ChrisLaVigna,3040,159,151,7400,407,14
98,6553021,here's to jay adams skateboard,2477,Industrial Design,284,17,0,https://mir-s3-cdn-cf.behance.net/projects/404/6553021.546d2bccc5803.jpg,"[{'r': 14, 'g': 14, 'b': 3}]",929089,que_nais,2808,656,1008,54952,3931,10
99,72406427,Compact Blower Powered by Drill,344,Industrial Design,88,17,1,https://mir-s3-cdn-cf.behance.net/projects/404/32a00372406427.Y3JvcCw0MDczLDMxODYsNDIzLDIyMQ.jpg,"[{'r': 1, 'g': 19, 'b': 53}]",46139249,rewalters,1132,73,37,1013,113,0
100,8533607,Drill Machine Render,2357,Digital Art,435,17,1,https://mir-s3-cdn-cf.behance.net/projects/404/8533607.5477dc001527a.jpg,"[{'r': 254, 'g': 254, 'b': 254}]",1049799,niteshbaviskar,2757,159,227,28996,820,16
101,10855401,BOSCH Delta - Electric multitool,2230,Digital Art,805,16,0,https://mir-s3-cdn-cf.behance.net/projects/404/10855401.548092930e9e3.jpg,"[{'r': 251, 'g': 249, 'b': 242}]",2736041,lorenzoantonucci,2344,32,25,2635,56,0
102,24832303,Festool - The Wolf,1668,Animation,550,16,0,https://mir-s3-cdn-cf.behance.net/projects/404/2be31a24832303.551466b9d466f.jpg,"[{'r': 162, 'g': 170, 'b': 175}]",2223995,BastyBu,2438,473,111,12199,1249,38
103,27481695,Smart System Drill,1575,Engineering,305,16,0,https://mir-s3-cdn-cf.behance.net/projects/404/2248ae27481695.558f2a972a0a0.jpg,"[{'r': 43, 'g': 43, 'b': 47}]",15048429,alexroventa,1577,448,153,6235,682,5
104,61760879,été Drill,621,Industrial Design,312,16,0,https://mir-s3-cdn-cf.behance.net/projects/404/3bb40e61760879.Y3JvcCwxMzc0LDEwNzUsMTY4Niw2MQ.jpg,"[{'r': 49, 'g': 49, 'b': 49}]",126963585,yanshu0925,640,23,42,1345,59,1
105,6307617,Bosch Drill,2501,Digital Art,349,16,0,https://mir-s3-cdn-cf.behance.net/projects/404/6307617.546bdecdbd059.jpg,"[{'r': 254, 'g': 251, 'b': 251}]",444165,divyanshu,3085,138,94,3873,146,6
106,83108245,NEUROSURGERY ROBOT // Remebot,80,Industrial Design,265,16,1,https://mir-s3-cdn-cf.behance.net/projects/404/4db28083108245.Y3JvcCwxMjg2LDEwMDUsMCwxOQ.png,"[{'r': 252, 'g': 252, 'b': 252}]",10695741,Maximejx,1750,245,756,27271,1471,0
107,14700015,Cordless Drill,2068,Illustration,489,15,2,https://mir-s3-cdn-cf.behance.net/projects/404/14700015.548883e7a153e.jpg,"[{'r': 141, 'g': 143, 'b': 146}]",5035425,BaoNguyen2204,2077,535,34,2509,55,1
108,73048769,Rayo,327,Industrial Design,158,15,1,https://mir-s3-cdn-cf.behance.net/projects/404/4a640c73048769.Y3JvcCwxMDIyLDc5OSwxODksMA.png,"[{'r': 9, 'g': 8, 'b': 8}]",141502589,jmamdesign,585,51,19,874,38,1
109,9943593,Sketch - Illustration,2281,Drawing,293,15,0,https://mir-s3-cdn-cf.behance.net/projects/404/9943593.547f467060a6b.jpg,"[{'r': 255, 'g': 255, 'b': 255}]",3012709,kutukoglu,2301,81,110,4745,173,1
110,17952143,Drill,1916,Industrial Design,323,14,1,https://mir-s3-cdn-cf.behance.net/projects/404/0a6fce17952143.Y3JvcCw0MDUwMCwzMTcwMCwwLDA.jpeg,"[{'r': 123, 'g': 112, 'b': 112}]",5638783,Gustassis,2013,140,240,1339,77,13
111,60545321,Bosch Drill,651,Industrial Design,187,14,2,https://mir-s3-cdn-cf.behance.net/projects/404/6ecca060545321.Y3JvcCwyOTk5LDIzNDYsMTA2OSwyMDc.jpg,"[{'r': 239, 'g': 239, 'b': 239}]",7626719,EllenPosch,1882,13,18,1158,84,0
112,62934135,BOSCH DWC 18Li-Ion,583,Industrial Design,297,14,0,https://mir-s3-cdn-cf.behance.net/projects/404/e0ab9e62934135.Y3JvcCwxMzc5LDEwNzksNDkwLDA.jpg,"[{'r': 38, 'g': 42, 'b': 44}]",134489795,danielibanf64a,612,244,60,1717,155,487
113,18193627,BOSCH Sketch,1930,Drawing,485,13,1,https://mir-s3-cdn-cf.behance.net/projects/404/53b34b18193627.Y3JvcCw0MDUwMCwzMTcwMCwwLDA.jpg,"[{'r': 0, 'g': 176, 'b': 141}]",5476387,diegosilvagomez,2031,33,33,2201,88,2
114,22044517,Power Tools ,1771,Industrial Design,574,13,0,https://mir-s3-cdn-cf.behance.net/projects/404/22044517.548c67df6c08d.jpg,"[{'r': 252, 'g': 252, 'b': 252}]",9856471,RoberDigiorge,1795,7,271,12718,437,5
115,72701979,Barm Sawdrill,336,Industrial Design,86,13,0,https://mir-s3-cdn-cf.behance.net/projects/404/b9426e72701979.5c1d1165df01f.jpg,"[{'r': 237, 'g': 242, 'b': 246}]",71561429,bartumesirci,925,12,11,648,77,0
116,17524815,WORX 20V  Li-Ion cordless drill driver,1959,Industrial Design,528,12,0,https://mir-s3-cdn-cf.behance.net/projects/404/17524815.548c953da144c.jpg,"[{'r': 255, 'g': 255, 'b': 255}]",2402263,andreacestonaro,2403,10,121,5494,209,5
117,26154023,Screw Driver - Redesign for Solidworks,1621,Branding,332,12,1,https://mir-s3-cdn-cf.behance.net/projects/404/9df42026154023.555287322e6d6.jpg,"[{'r': 227, 'g': 227, 'b': 227}]",6062269,bobhan,1970,159,115,6102,388,52
118,32683775,Sketches- 2015 FALL,1251,Drawing,505,12,0,https://mir-s3-cdn-cf.behance.net/projects/404/cc84d032683775.Y3JvcCw1MDgxLDM5NzcsMTIsMA.jpg,"[{'r': 186, 'g': 186, 'b': 186}]",923963,hyc-iris,2810,1090,347,15993,674,7
119,35433665,TRUST Drill,1302,Industrial Design,213,12,0,https://mir-s3-cdn-cf.behance.net/projects/404/f8ff4c35433665.Y3JvcCw0NDgxLDM1MDYsMTI2LDA.jpg,"[{'r': 17, 'g': 17, 'b': 17}]",30948823,IgnatTihonov,1302,44,14,644,38,1
120,40373957,DE electric drill,1201,Industrial Design,264,12,0,https://mir-s3-cdn-cf.behance.net/projects/404/3795e540373957.Y3JvcCwxMjAyLDk0MSwwLDEwNg.jpg,"[{'r': 43, 'g': 43, 'b': 43}]",32155275,DesigFish,1287,334,32,840,47,6
121,44489367,Hand Drill Face Lifting (Product Design),1086,Industrial Design,112,12,1,https://mir-s3-cdn-cf.behance.net/projects/404/17308744489367.Y3JvcCw2MzcsNDk4LDEwNjYsNjQx.png,"[{'r': 249, 'g': 249, 'b': 249}]",2671691,DanielaRocha,2355,742,159,2406,117,0
122,53892679,H-Drill - Ergonomical Multi-posture Drill,854,Industrial Design,147,12,2,https://mir-s3-cdn-cf.behance.net/projects/404/c93daa53892679.Y3JvcCwxMDI1LDgwMiwxMTgsMA.jpg,"[{'r': 205, 'g': 217, 'b': 244}]",75071631,jcgogutidf98,898,5,9,436,20,1
123,5876179,Remodelling the Bosch Drill,2534,Industrial Design,367,12,0,https://mir-s3-cdn-cf.behance.net/projects/404/5876179.546993be0ad02.jpg,"[{'r': 15, 'g': 15, 'b': 15}]",1159519,swagatrath,2716,307,110,4236,233,22
124,61939567,Light drill,617,Industrial Design,95,12,0,https://mir-s3-cdn-cf.behance.net/projects/404/9ddcc661939567.Y3JvcCw5ODgsNzczLDEwNywyMTQ.jpg,"[{'r': 254, 'g': 254, 'b': 254}]",9537957,felipeduarte_id,1809,139,66,3636,323,44
125,45200015,Festool Household Companion (2016),1070,Graphic Design,184,11,1,https://mir-s3-cdn-cf.behance.net/projects/404/0dcea845200015.Y3JvcCwxOTM1LDE1MTUsNzMxLDU4Mw.jpg,"[{'r': 209, 'g': 200, 'b': 178}]",29800395,JasonPFrancisco,1317,20,18,1270,57,0
126,4952307,Brand inspired Cordless Drill,2609,Industrial Design,275,11,2,https://mir-s3-cdn-cf.behance.net/projects/404/4952307.5464c387c46e7.jpg,"[{'r': 252, 'g': 254, 'b': 254}]",792131,naeemcassim22b131,2873,55,28,1403,37,3
127,7559539,Braun,2413,Industrial Design,429,11,0,https://mir-s3-cdn-cf.behance.net/projects/404/653c1b7559539.Y3JvcCw0MDUwMCwzMTcwMCwwLDA.jpg,"[{'r': 255, 'g': 255, 'b': 255}]",2342777,RenaudDardaine,2413,138,253,14571,915,47
128,86318121,Hand drill,17,Product Design,52,11,0,https://mir-s3-cdn-cf.behance.net/projects/404/67b9c186318121.Y3JvcCw5MzcsNzMzLDQ0LDI1.jpg,"[{'r': 76, 'g': 82, 'b': 87}]",15831251,IgorMizinchuk,1551,141,125,5820,561,48
129,8713619,Industrial Illustration,2348,Digital Art,244,11,1,https://mir-s3-cdn-cf.behance.net/projects/404/8713619.5478d8d51df9c.png,"[{'r': 255, 'g': 96, 'b': 0}]",1124685,uaca,2729,399,36,463,19,15
130,15615135,PONCHO np - powered by SKIL,2033,Engineering,343,10,0,https://mir-s3-cdn-cf.behance.net/projects/404/15615135.5489d18cc5d4f.jpg,"[{'r': 30, 'g': 32, 'b': 21}]",5203383,MeecaBlanco,2060,73,61,3508,111,0
131,16737739,PDC Drill Bit Model,1990,Computer Animation,213,10,0,https://mir-s3-cdn-cf.behance.net/projects/404/16737739.548b6f3a25adb.jpg,"[{'r': 35, 'g': 34, 'b': 34}]",2678899,DarkArtMinion,2354,5,8,981,25,0
132,35009661,Model Making,1315,Industrial Design,69,10,0,https://mir-s3-cdn-cf.behance.net/projects/404/2eb5bd35009661.Y3JvcCwxMDgwLDg0NSwzMTcsMA.jpg,"[{'r': 36, 'g': 19, 'b': 14}]",26113349,rajatvyas5d94c,1368,5,32,1184,95,0
133,55080431,WORX 20V Rotary Hammer,818,Industrial Design,237,10,0,https://mir-s3-cdn-cf.behance.net/projects/404/cdefd955080431.Y3JvcCwyMzMzLDE4MjYsMCwyNTM.jpg,"[{'r': 255, 'g': 255, 'b': 255}]",2402263,andreacestonaro,2403,10,121,5494,209,5
134,20053011,Sketching and Rendering,1850,Graphic Design,127,9,0,https://mir-s3-cdn-cf.behance.net/projects/404/20053011.5424b1b9714b6.jpg,"[{'r': 254, 'g': 254, 'b': 254}]",8032563,AdamLane92,1858,16,16,1240,65,1
135,21715711,Rhino 4 Models ,1784,Automotive Design,288,9,0,https://mir-s3-cdn-cf.behance.net/projects/404/21715711.547bf41962005.jpg,"[{'r': 253, 'g': 252, 'b': 251}]",2162477,nathanieljachim,2450,218,132,5164,467,4
136,24982143,DIY- Drill it Yourself,1305,Engineering,221,9,0,https://mir-s3-cdn-cf.behance.net/projects/404/fc8c6c24982143.Y3JvcCw5NzQsNzYxLDIxNCw1Ng.jpg,"[{'r': 238, 'g': 238, 'b': 238}]",12316381,yohanchacko,1678,88,83,3962,349,18
137,4939229,BMW Cordless Drill,2610,Branding,534,9,0,https://mir-s3-cdn-cf.behance.net/projects/404/4939229.5464b2b96e9db.jpg,"[{'r': 253, 'g': 253, 'b': 253}]",1486469,bradinch,2620,0,22,2065,39,0
138,6850291,3D model of a Hand drill,2458,Industrial Design,361,9,0,https://mir-s3-cdn-cf.behance.net/projects/404/6850291.546ec3b9514af.jpg,"[{'r': 231, 'g': 231, 'b': 231}]",2098171,jshan,2463,11,28,3984,56,0
139,12914895,SJ-2030,2141,Industrial Design,734,8,0,https://mir-s3-cdn-cf.behance.net/projects/404/12914895.5483531baef4c.png,"[{'r': 249, 'g': 249, 'b': 249}]",3352543,alejandrahef,2251,13,80,2867,69,1
140,13309249,Drill stylisation in colani's style,2128,Drawing,310,8,0,https://mir-s3-cdn-cf.behance.net/projects/404/13309249.5483e8b716a43.jpg,"[{'r': 238, 'g': 238, 'b': 238}]",1186485,TonnyRamone,2706,89,149,11554,551,27
141,15810391,X-ray objects,2026,Drawing,247,8,0,https://mir-s3-cdn-cf.behance.net/projects/404/15810391.548a185d14ce4.jpg,"[{'r': 10, 'g': 7, 'b': 4}]",1186485,TonnyRamone,2706,89,149,11554,551,27
142,16674291,Sketches,1992,Drawing,267,8,0,https://mir-s3-cdn-cf.behance.net/projects/404/16674291.548b5738a0bae.jpg,"[{'r': 246, 'g': 249, 'b': 94}]",5817451,shaneroepe,1994,16,66,4956,157,0
143,16937745,Drill for Women,1982,Industrial Design,125,8,0,https://mir-s3-cdn-cf.behance.net/projects/404/16937745.548bb858777dc.jpg,"[{'r': 236, 'g': 236, 'b': 237}]",5062693,agkrahl,2075,31,15,277,16,4
144,22616157,Tim,1744,Engineering,70,8,2,https://mir-s3-cdn-cf.behance.net/projects/404/22616157.54b047b406c21.jpg,"[{'r': 232, 'g': 232, 'b': 232}]",2418341,murthags,2399,18,5,175,14,0
145,23384179,Taladro / Power drill,1718,Engineering,386,8,1,https://mir-s3-cdn-cf.behance.net/projects/404/0cfc0923384179.55259405ecaa3.jpg,"[{'r': 37, 'g': 40, 'b': 50}]",2572031,MauricioErcoli,2374,326,156,9027,396,15
146,25138187,Cordless Drill - Rendering with Keyshot,1657,Graphic Design,121,8,0,https://mir-s3-cdn-cf.behance.net/projects/404/564f3425138187.Y3JvcCw0MDQsMzE2LDAsMA.jpg,"[{'r': 145, 'g': 167, 'b': 248}]",1007391,rbasquera,2774,86,49,866,71,32
147,27116081,DRILLI Concept,1588,Engineering,264,8,2,https://mir-s3-cdn-cf.behance.net/projects/404/f18fdf27116081.557e4df3a5e7e.jpg,"[{'r': 242, 'g': 241, 'b': 241}]",9051871,monicafregosonoble,1827,21,38,2336,118,10
148,34974357,Mechanical Hand Drill,1307,Industrial Design,113,8,0,https://mir-s3-cdn-cf.behance.net/projects/404/d36b0d34974357.Y3JvcCwzMTg2LDI0OTYsMzk0LDI0Ng.jpg,"[{'r': 162, 'g': 158, 'b': 158}]",17388909,saurabhbedarkar,1507,34,49,1911,126,0
149,40660437,Modeling and Visualization of Chair`s Wheel and Drill,1192,Furniture Design,47,8,0,https://mir-s3-cdn-cf.behance.net/projects/404/8a951c40660437.Y3JvcCw5ODYsNzcwLDExNSw2.jpg,"[{'r': 210, 'g': 208, 'b': 207}]",39606281,k7810961dea9,1196,1,9,1120,106,2
150,43260533,Drill Machine | Material Exploration,1095,Industrial Design,115,8,0,https://mir-s3-cdn-cf.behance.net/projects/404/99ce3943260533.Y3JvcCwyMTA4LDE2NTAsMTg1Myww.jpeg,"[{'r': 0, 'g': 255, 'b': 218}]",17063085,ShubhamPudke,1516,129,77,4105,281,0
151,49628669,3D Modelling & Rendering Exercise,960,Industrial Design,141,8,0,https://mir-s3-cdn-cf.behance.net/projects/404/dda78449628669.Y3JvcCw5NDMsNzM4LDUzLDA.jpg,"[{'r': 255, 'g': 254, 'b': 254}]",63509289,basakakcay,989,316,53,1142,50,17
152,58876745,Ortho Drill,703,Industrial Design,69,8,0,https://mir-s3-cdn-cf.behance.net/projects/404/cd1ddb58876745.Y3JvcCwxMjk0LDEwMTMsNiw5.jpg,"[{'r': 1, 'g': 1, 'b': 1}]",54444759,daminimdes2a4d,1064,2,18,883,67,0
153,6521549,Dental Drill w/ Fiber Optic Lens,1226,Industrial Design,162,8,0,https://mir-s3-cdn-cf.behance.net/projects/404/6521549.546d00b44766d.jpg,"[{'r': 255, 'g': 255, 'b': 255}]",1793189,Peterbjernudd,2540,50,62,3851,153,1
154,65361737,Delta Power Drill,530,Industrial Design,133,8,0,https://mir-s3-cdn-cf.behance.net/projects/404/41e1ce65361737.Y3JvcCw0MDEwLDMxMzksMzM2LDc1Mg.png,"[{'r': 255, 'g': 255, 'b': 255}]",10400389,Frankesber1203,1767,31,38,2869,125,0
155,12979073,Hand Drill - Orthographic Projection,2139,Drawing,296,7,1,https://mir-s3-cdn-cf.behance.net/projects/404/12979073.54836aa128aa3.jpg,"[{'r': 248, 'g': 248, 'b': 248}]",4122435,hannahfrossard,2165,16,154,6061,501,0
156,19585223,Indexing Drill Jig,1869,Engineering,344,7,0,https://mir-s3-cdn-cf.behance.net/projects/404/19585223.548fa4a2be8e5.jpg,"[{'r': 0, 'g': 0, 'b': 0}]",7807535,92amanjain,1872,25,6,907,50,2
157,21542055,Cordless drill,1791,Industrial Design,194,7,0,https://mir-s3-cdn-cf.behance.net/projects/404/21542055.5472c0e914474.jpg,"[{'r': 240, 'g': 240, 'b': 240}]",7448951,vlieu,1894,6,8,1355,55,2
158,34003204,Product Design/ID Portfolio 2016,1343,Industrial Design,353,7,0,https://mir-s3-cdn-cf.behance.net/projects/404/10a38734003204.Y3JvcCw4MTUsNjM3LDE4MSw3MA.jpg,"[{'r': 251, 'g': 251, 'b': 251}]",10333711,kylejohnrobertson,1771,31,31,1863,62,0
159,37393391,REVERSE ENGINEERING (POWER DRILL),1248,Industrial Design,163,7,0,https://mir-s3-cdn-cf.behance.net/projects/404/55cea137393391.Y3JvcCwyNzc2LDIxNzAsMzUwLDI4NQ.jpg,"[{'r': 162, 'g': 165, 'b': 158}]",2094849,Simkenneth,2464,2,11,1084,16,0
160,40908079,WORX,1185,Industrial Design,278,7,0,https://mir-s3-cdn-cf.behance.net/projects/404/ab72d040908079.Y3JvcCw5NjQsNzU0LDcxLDI5Nw.jpg,"[{'r': 85, 'g': 86, 'b': 85}]",30938175,9363457011b1f,1302,120,17,1382,52,31
161,45200163,Festool Household Companion,1070,Industrial Design,74,7,1,https://mir-s3-cdn-cf.behance.net/projects/404/8165cf45200163.Y3JvcCwyMDMzLDE1OTIsMjEwLDA.jpg,"[{'r': 36, 'g': 36, 'b': 35}]",31075963,ebenm,1301,2,15,272,25,0
162,45211249,Festool Cordless hand drill,1070,Industrial Design,84,7,0,https://mir-s3-cdn-cf.behance.net/projects/404/aecc2145211249.Y3JvcCw0Mzc1LDM0MjQsMjgwLDA.jpg,"[{'r': 93, 'g': 94, 'b': 98}]",31075391,karimari,1301,7,11,781,33,0
163,52042087,Atlas Copco DM Series Drill,905,Computer Animation,40,7,0,https://mir-s3-cdn-cf.behance.net/projects/404/33518252042087.Y3JvcCwxMDI1LDgwMiwxMjEsMA.jpg,"[{'r': 22, 'g': 20, 'b': 21}]",12008343,EvanSisson,1692,15,20,1581,179,2
164,53620291,APEX Revo 10.8V Drill Driver,863,Industrial Design,174,7,0,https://mir-s3-cdn-cf.behance.net/projects/404/c3658453620291.Y3JvcCw1NzQ2LDQ0OTgsODY1LDQyNQ.png,"[{'r': 252, 'g': 252, 'b': 252}]",4979723,jtmartland,2082,96,14,809,26,0
165,53680183,KONEN - Drill Machine,843,Industrial Design,165,7,1,https://mir-s3-cdn-cf.behance.net/projects/404/79b9c853680183.Y3JvcCwxMTMwLDg4NCwxNzUsMA.png,"[{'r': 255, 'g': 255, 'b': 255}]",79130109,nereauv7871,868,106,38,1963,142,7
166,5678913,"a drill for a ""non-conventional user""",2549,Illustration,356,7,0,https://mir-s3-cdn-cf.behance.net/projects/404/5678913.54688882d47af.jpg,"[{'r': 157, 'g': 160, 'b': 156}]",1759137,matthewmcmorran,2550,64,34,3127,79,0
167,65070989,Blueprint Arma Furadeira,537,Illustration,59,7,2,https://mir-s3-cdn-cf.behance.net/projects/404/bb73ce65070989.Y3JvcCw5MDIsNzA2LDAsOTg.png,"[{'r': 25, 'g': 37, 'b': 167}]",123483441,danlucaz,654,784,78,1272,226,72
168,67172031,Fiskars Y2,482,Industrial Design,103,7,1,https://mir-s3-cdn-cf.behance.net/projects/404/31cca467172031.5c9d2da0e1439.png,"[{'r': 255, 'g': 255, 'b': 254}]",13108671,manelmagalaf51,1645,15,14,432,32,0
169,72349451,Innovative Appliance: Kreg Mincer X1,344,Industrial Design,38,7,0,https://mir-s3-cdn-cf.behance.net/projects/404/3f8cc972349451.Y3JvcCwxMjc1LDk5OCw1MCww.jpg,"[{'r': 74, 'g': 70, 'b': 64}]",46131837,moeketsijb6750,1132,33,18,297,41,0
170,8426997,3D Modeling/Concept Designs,2364,Industrial Design,289,7,0,https://mir-s3-cdn-cf.behance.net/projects/404/8426997.54774744b1c99.jpg,"[{'r': 211, 'g': 211, 'b': 211}]",2620615,federicocarbo,2364,33,58,1940,80,0
171,14977501,PRODUCT Power Drill Concept,2057,Industrial Design,373,6,0,https://mir-s3-cdn-cf.behance.net/projects/404/14977501.5488e87e0a8b7.jpg,"[{'r': 254, 'g': 254, 'b': 254}]",5226389,kylegati,2058,0,21,2386,54,0
172,15722083,Lathe Work : Metals II | Spring 2014,2029,Industrial Design,301,6,0,https://mir-s3-cdn-cf.behance.net/projects/404/15722083.5489f86f49c20.jpg,"[{'r': 243, 'g': 243, 'b': 239}]",3532777,MarinaAldarondo,2225,51,95,6070,218,0
173,20594295,Land Cube with frac direction indicators,1828,Digital Art,243,6,0,https://mir-s3-cdn-cf.behance.net/projects/404/20594295.544168b17c5f8.jpg,"[{'r': 221, 'g': 218, 'b': 221}]",473351,southhill,3067,25,63,7482,200,6
174,25264831,MPD (Multi-Purpose Drill),1652,Industrial Design,115,6,0,https://mir-s3-cdn-cf.behance.net/projects/404/8dcd3325264831.Y3JvcCwyMDU0LDE2MDgsMjUsMA.jpg,"[{'r': 255, 'g': 255, 'b': 255}]",12918665,EugeneFatsevych,1653,0,3,486,39,0
175,31897563,Power Drill,1412,Industrial Design,262,6,1,https://mir-s3-cdn-cf.behance.net/projects/404/1483b631897563.Y3JvcCw0MDg3LDMxOTksMjkyLDA.jpg,"[{'r': 46, 'g': 46, 'b': 46}]",4965991,devanshi_mehra,2083,263,32,1903,89,1
176,46729205,CAD and Rendering Project: Porter Cable Drill,1027,Industrial Design,131,6,1,https://mir-s3-cdn-cf.behance.net/projects/404/1e7a3846729205.Y3JvcCwxMjAyLDk0MCw5OCw1Mw.jpg,"[{'r': 134, 'g': 134, 'b': 134}]",7544755,GregHolder,1888,50,11,881,110,4
177,54818541,"Step by step guide, ""how to drill in concrete"".",826,Industrial Design,121,6,0,https://mir-s3-cdn-cf.behance.net/projects/404/5071f954818541.Y3JvcCw4MTAsNjM0LDAsODg.jpg,"[{'r': 31, 'g': 28, 'b': 17}]",85597533,drillgeeks7469,826,0,0,121,6,0
178,75801485,‘Rotation’ mechanical hand drill (concept),258,Industrial Design,108,6,0,https://mir-s3-cdn-cf.behance.net/projects/404/3c44f475801485.Y3JvcCwxNDAwLDEwOTUsMCw1NTQ.png,"[{'r': 182, 'g': 187, 'b': 181}]",8319793,Pavel_Yunusov,1840,6,42,2740,174,6
179,76223641,Cordless screwdriver,249,Industrial Design,66,6,0,https://mir-s3-cdn-cf.behance.net/projects/404/4e3b1376223641.Y3JvcCw2Mjk2LDQ5MjUsNTQ1LDQ5OA.png,"[{'r': 254, 'g': 254, 'b': 254}]",101366185,ivetaradinc6d8,748,11,10,65,6,0
180,78217503,JST Tools Drill,202,Product Design,119,6,0,https://mir-s3-cdn-cf.behance.net/projects/404/13385c78217503.Y3JvcCw5NjMsNzU0LDAsMA.jpg,"[{'r': 17, 'g': 156, 'b': 140}]",39794953,bartoszskorski,1194,69,12,929,25,1
181,78488299,「Super Pipe」-Modular Electric Drill Design,199,Industrial Design,72,6,0,https://mir-s3-cdn-cf.behance.net/projects/404/b47a6178488299.Y3JvcCwxODQxLDE0NDAsMzQxLDA.gif,"[{'r': 38, 'g': 38, 'b': 38}]",294863139,brooklynyueng,270,55,20,489,25,0
182,15695553,PORSCHE DESIGN Drill,2030,Automotive Design,287,5,1,https://mir-s3-cdn-cf.behance.net/projects/404/15695553.5489ef6e5138b.jpg,"[{'r': 238, 'g': 238, 'b': 235}]",5048155,KaranSavant,2076,70,32,2103,65,0
183,16572485,Drill Project,1997,Industrial Design,152,5,0,https://mir-s3-cdn-cf.behance.net/projects/404/16572485.548b31af33a25.jpg,"[{'r': 253, 'g': 243, 'b': 208}]",3271051,BlackCrimsonDesign,2265,34,16,1539,43,0
184,16835511,Power Drill,1986,Creative Direction,231,5,0,https://mir-s3-cdn-cf.behance.net/projects/404/16835511.548b92cd5510a.jpg,"[{'r': 160, 'g': 160, 'b': 160}]",1533153,k4kappos,2607,1,10,2116,54,0
185,17955213,Hand drill,1941,Engineering,103,5,0,https://mir-s3-cdn-cf.behance.net/projects/404/17955213.548d37c30d2ee.jpg,"[{'r': 240, 'g': 240, 'b': 240}]",2203245,engmahmoudsayed,2442,3,28,3316,99,0
186,19902629,Cordless Drill Project,1856,Industrial Design,52,5,1,https://mir-s3-cdn-cf.behance.net/projects/404/19902629.541cbbca08be7.jpg,"[{'r': 253, 'g': 253, 'b': 253}]",1123388,AlexanderGibson,2729,14,22,2307,59,0
187,20794109,Homerill drill design (Masters thesis case study) ,1820,Industrial Design,82,5,0,https://mir-s3-cdn-cf.behance.net/projects/404/20794109.544d1d1ea65a2.jpg,"[{'r': 47, 'g': 47, 'b': 47}]",8362779,EMorshedzadeh,1839,6,5,658,54,0
188,24335885,DCD750C1,1685,Engineering,175,5,0,https://mir-s3-cdn-cf.behance.net/projects/404/1ccbce24335885.54fe0c8a138db.jpg,"[{'r': 159, 'g': 219, 'b': 254}]",12034563,murrayet6abc,1691,3,2,260,9,0
189,30625573,drill press machine 3d Design,1457,Industrial Design,95,5,0,https://mir-s3-cdn-cf.behance.net/projects/404/2161b230625573.562b91f3cab0d.jpg,"[{'r': 175, 'g': 175, 'b': 175}]",8107771,ksa_design,1853,1016,465,10170,608,86
190,31522331,DRILL: Kettlebell Alarm Clock & Mobile App,1426,Industrial Design,195,5,1,https://mir-s3-cdn-cf.behance.net/projects/404/9788c531522331.Y3JvcCw3NDksNTg2LDg3LDE2.jpg,"[{'r': 254, 'g': 254, 'b': 254}]",2346407,biancarague,2413,36,36,3343,85,0
191,41632703,Drill,1164,Industrial Design,53,5,0,https://mir-s3-cdn-cf.behance.net/projects/404/484ce141632703.Y3JvcCwxMjgzLDEwMDQsMCwxOQ.jpg,"[{'r': 252, 'g': 247, 'b': 242}]",40509357,rubenvillarreal,1186,19,6,440,34,5
192,45203435,Festool household companion,1070,Industrial Design,139,5,0,https://mir-s3-cdn-cf.behance.net/projects/404/436ac645203435.Y3JvcCw0MDQxLDMxNjMsNDk4LDIzOQ.jpg,"[{'r': 50, 'g': 51, 'b': 52}]",28022794,hendrick244f36,1342,27,24,567,28,0
193,45758707,Drill. Marker,1055,Illustration,21,5,0,https://mir-s3-cdn-cf.behance.net/projects/404/3759f645758707.Y3JvcCw1MDIsMzkzLDMxLDA.jpg,"[{'r': 251, 'g': 250, 'b': 249}]",55488135,marcelodia8a05,1055,13,2,21,5,0
194,4943649,DRILL,2610,Industrial Design,329,5,0,https://mir-s3-cdn-cf.behance.net/projects/404/4943649.5464b85878524.jpg,"[{'r': 228, 'g': 227, 'b': 224}]",1320509,matwil,2660,5,24,1416,26,2
195,57382239,TITAN drill,746,Industrial Design,73,5,0,https://mir-s3-cdn-cf.behance.net/projects/404/ee595257382239.Y3JvcCwxOTI0LDE1MDYsMCw2Nzk.jpg,"[{'r': 47, 'g': 47, 'b': 45}]",35170101,russcluff,1246,25,16,924,58,3
196,57503439,Drill Design,737,Industrial Design,114,5,0,https://mir-s3-cdn-cf.behance.net/projects/404/dbbbec57503439.Y3JvcCwxMDcyLDgzOSw0NTUsOTU.jpeg,"[{'r': 56, 'g': 220, 'b': 238}]",35897395,cameronabsher,1238,0,6,724,20,0
197,59171729,One Armed Drill,675,Industrial Design,87,5,0,https://mir-s3-cdn-cf.behance.net/projects/404/5af70a59171729.Y3JvcCw5ODAsNzY3LDQxOCww.jpg,"[{'r': 254, 'g': 254, 'b': 254}]",111750569,christopher-dowd,705,2,2,152,13,0
198,6435045,BOSCH Drill,2489,Industrial Design,193,5,0,https://mir-s3-cdn-cf.behance.net/projects/404/6435045.546c8b9615934.jpg,"[{'r': 9, 'g': 9, 'b': 9}]",441953,vinitgogri,3086,30,194,10837,524,10
199,66396577,Model Making | Hand Drill,503,Industrial Design,37,5,0,https://mir-s3-cdn-cf.behance.net/projects/404/3e51fa66396577.Y3JvcCwxMjY4LDk5MywyNSww.jpg,"[{'r': 253, 'g': 253, 'b': 253}]",161541181,vaibhavipa6c18,503,2,2,231,18,0
200,82408801,CORDLESS DRILL,103,Industrial Design,28,5,1,https://mir-s3-cdn-cf.behance.net/projects/404/bb642882408801.Y3JvcCwxMTk0LDkzNCwxMDMsMA.jpg,"[{'r': 244, 'g': 244, 'b': 244}]",106989609,ekaterinatiholova24,725,95,16,434,52,1
201,17109257,Drill Bits – A Few Considerations to Look On,1976,Industrial Design,98,4,0,https://mir-s3-cdn-cf.behance.net/projects/404/17109257.548bf8f755cfd.jpg,"[{'r': 248, 'g': 249, 'b': 250}]",5574683,stanleytools,2020,8,3,852,12,0
202,17424613,Laser Drill 2030,1963,Industrial Design,65,4,0,https://mir-s3-cdn-cf.behance.net/projects/404/17424613.548c6f8858887.jpg,"[{'r': 36, 'g': 83, 'b': 107}]",3496093,NataliaSwerte,2230,0,5,279,13,0
203,17653577,Drill/Hitch Concept,1953,Industrial Design,80,4,0,https://mir-s3-cdn-cf.behance.net/projects/404/17653577.548cc5fc73f1a.jpg,"[{'r': 29, 'g': 21, 'b': 21}]",2526971,BJonesDesign,2382,191,57,2949,144,0
204,20064513,Form analasys Dyson & Xbox,1850,Drawing,112,4,0,https://mir-s3-cdn-cf.behance.net/projects/404/20064513.54255efa3ccb5.jpg,"[{'r': 252, 'g': 252, 'b': 252}]",8167157,Niekvermond,1850,0,0,561,27,0
205,21004113,Drill Concept,1812,Industrial Design,160,4,0,https://mir-s3-cdn-cf.behance.net/projects/404/21004113.54579d0e06abd.jpg,"[{'r': 233, 'g': 233, 'b': 233}]",9475369,matyasmagyar,1812,99,213,9445,477,8
206,26896417,Hammer Drill (designed for Dewalt),1596,Industrial Design,146,4,1,https://mir-s3-cdn-cf.behance.net/projects/404/5d69fb26896417.5573797f64cbd.jpg,"[{'r': 42, 'g': 41, 'b': 42}]",8304615,Egemen_Yenikale,1841,12,8,432,11,1
207,28819773,Drill,1523,Industrial Design,91,4,0,https://mir-s3-cdn-cf.behance.net/projects/404/cb552228819773.55d3e6ecc487d.png,"[{'r': 232, 'g': 233, 'b': 233}]",16799191,guilhermemalaquias,1524,12,10,481,33,0
208,29940951,3 ways to use this handdrill,1481,Industrial Design,85,4,0,https://mir-s3-cdn-cf.behance.net/projects/404/53445a29940951.560b8081c1768.jpg,"[{'r': 183, 'g': 183, 'b': 183}]",7454703,yuanyuanw,1893,15,9,712,51,1
209,31399063,SCREW POCKET DRILL,1430,Industrial Design,106,4,0,https://mir-s3-cdn-cf.behance.net/projects/404/f25dba31399063.Y3JvcCwzNDgyLDI3MjUsMjg3LDYwMg.png,"[{'r': 251, 'g': 253, 'b': 253}]",16032271,JU_JIN,1545,77,1,106,4,0
210,32978913,Patch,1372,Industrial Design,66,4,0,https://mir-s3-cdn-cf.behance.net/projects/404/b71be332978913.Y3JvcCwxMzE0LDEwMjgsMzAyLDE2.jpg,"[{'r': 207, 'g': 207, 'b': 207}]",11449859,iremsismanturk,1718,5,6,471,16,0
211,33437435,Project MEGA: Mars Canyoneering,1359,Industrial Design,244,4,0,https://mir-s3-cdn-cf.behance.net/projects/404/92370233437435.Y3JvcCwxNTQ3LDEyMTEsMjg5LDE1OQ.jpg,"[{'r': 214, 'g': 214, 'b': 214}]",4472581,DaynaMailach,2131,159,76,9249,238,24
212,37232113,Hand Drill Render,1252,Illustration,144,4,0,https://mir-s3-cdn-cf.behance.net/projects/404/fce6c637232113.Y3JvcCwxMzA3LDEwMjIsNTIsMA.jpg,"[{'r': 100, 'g': 215, 'b': 225}]",34132231,yuhinalachungpa,1260,26,94,7035,305,4
213,44410813,Vacuum hand drill sketch,1088,Industrial Design,56,4,0,https://mir-s3-cdn-cf.behance.net/projects/404/9a439044410813.5caa09f329755.jpg,"[{'r': 245, 'g': 245, 'b': 239}]",6970757,brkdsgn,1923,379,32,1664,187,8
214,45198355,Festool Cordless Drill,1070,Industrial Design,83,4,0,https://mir-s3-cdn-cf.behance.net/projects/404/17edba45198355.Y3JvcCwzNzA5LDI5MDMsMCww.jpg,"[{'r': 235, 'g': 236, 'b': 237}]",31076739,corlihattingh,1301,7,8,505,27,0
215,46608779,DeWalt Inspired Tape Dispenser,1032,Branding,126,4,0,https://mir-s3-cdn-cf.behance.net/projects/404/93077b46608779.Y3JvcCwxMjYyLDk4NywyODAsNDA.jpg,"[{'r': 13, 'g': 12, 'b': 13}]",31541113,toviaheliebe79,1295,60,45,1394,103,1
216,48627663,Screwdriver,982,Industrial Design,69,4,0,https://mir-s3-cdn-cf.behance.net/projects/404/0fcde148627663.Y3JvcCw4MzAsNjQ5LDAsMTEw.jpg,"[{'r': 58, 'g': 1, 'b': 3}]",64258711,panos2a80,982,13,36,1546,181,7
217,48642369,DEWALT Compact Drill,982,Branding,83,4,0,https://mir-s3-cdn-cf.behance.net/projects/404/0b67f448642369.Y3JvcCwxNTcxLDEyMjksMywzMjU.png,"[{'r': 29, 'g': 29, 'b': 29}]",9518419,snarkrans,1810,33,44,1514,156,7
218,49285851,DRILL copper lamp,968,Industrial Design,82,4,0,https://mir-s3-cdn-cf.behance.net/projects/404/df572a49285851.Y3JvcCwxMjY4LDk5MywwLDA.jpg,"[{'r': 24, 'g': 24, 'b': 24}]",12359067,trazu,1677,68,9,804,43,0
219,51952803,Hand Drill || Model Making,907,Industrial Design,59,4,0,https://mir-s3-cdn-cf.behance.net/projects/404/6798b151952803.Y3JvcCwxMDA3LDc4OCwyMTgsMA.png,"[{'r': 22, 'g': 26, 'b': 29}]",27821200,piaharde518a7,1345,82,34,1650,147,7
220,54043101,Drill by beats,850,Industrial Design,131,4,0,https://mir-s3-cdn-cf.behance.net/projects/404/d3955d54043101.Y3JvcCwxNTAwLDExNzQsMzI5LDEwMw.jpg,"[{'r': 49, 'g': 49, 'b': 52}]",81883721,lupinskak7213,850,19,23,1440,64,0
221,56686821,Nevadito,767,Industrial Design,113,4,0,https://mir-s3-cdn-cf.behance.net/projects/404/bb93ce56686821.5c09b84442045.png,"[{'r': 0, 'g': 23, 'b': 115}]",44487893,nbaz1,1145,26,20,1069,25,0
222,59149261,Powertool,696,Industrial Design,50,4,0,https://mir-s3-cdn-cf.behance.net/projects/404/b439ed59149261.Y3JvcCwxNTM3LDEyMDMsNTMsMA.png,"[{'r': 250, 'g': 250, 'b': 250}]",113927675,onrdastanfbd9,696,8,4,284,19,0
223,64152499,Placing Eaze,561,Industrial Design,104,4,0,https://mir-s3-cdn-cf.behance.net/projects/404/ac4be564152499.Y3JvcCw0MDUsMzE3LDk3MCw0OA.jpg,"[{'r': 12, 'g': 5, 'b': 7}]",2688167,FelixHO,2353,365,20,310,31,11
224,6499501,Quick View Portfolio,2476,Fine Arts,75,4,0,https://mir-s3-cdn-cf.behance.net/projects/404/6499501.546ce24659c63.jpg,"[{'r': 238, 'g': 236, 'b': 231}]",1547705,Dassie,2603,4,13,831,27,0
225,67155059,Drill Karcher,482,Industrial Design,88,4,0,https://mir-s3-cdn-cf.behance.net/projects/404/1ba21767155059.Y3JvcCwxMDM5LDgxMywxODAsMA.jpg,"[{'r': 201, 'g': 201, 'b': 201}]",115891033,tiagosieir5df3,687,1,3,479,33,2
226,75703783,Conceptual drill,256,Industrial Design,102,4,0,https://mir-s3-cdn-cf.behance.net/projects/404/f9d09075703783.Y3JvcCwxMjY0LDk4OCwyMTUsMTU5.jpg,"[{'r': 10, 'g': 10, 'b': 10}]",81514135,karnoguez,853,41,22,880,68,2
227,77277873,Industrial Design for Seed Drill,225,Industrial Design,56,4,0,https://mir-s3-cdn-cf.behance.net/projects/404/d61c9477277873.Y3JvcCw3NDEsNTgwLDQ0Niw1OA.png,"[{'r': 251, 'g': 251, 'b': 251}]",48608465,conraddcruz,1111,22,38,2552,112,0
228,78284953,BOSCH DRILL PHOTOSHOP RENDERING,203,Industrial Design,57,4,0,https://mir-s3-cdn-cf.behance.net/projects/404/2ed36278284953.Y3JvcCwyMjQyLDE3NTMsMTE2LDA.jpg,"[{'r': 210, 'g': 210, 'b': 210}]",150963867,kanisingh17521,547,17,16,416,58,27
229,10629621,Drill - Laser Accessory,2155,Industrial Design,261,3,0,https://mir-s3-cdn-cf.behance.net/projects/404/10629621.5480431d9a77d.jpg,"[{'r': 254, 'g': 253, 'b': 253}]",1555093,gwimberly,2601,4,23,3091,62,0
230,13788159,Vehiculo propulsado a taladro,2099,Industrial Design,110,3,0,https://mir-s3-cdn-cf.behance.net/projects/404/13788159.5484970960637.jpg,"[{'r': 30, 'g': 21, 'b': 16}]",4653369,paulallorens,2107,29,36,2162,78,0
231,15975559,Stud Sensor Hand Drill,2019,Industrial Design,261,3,0,https://mir-s3-cdn-cf.behance.net/projects/404/15975559.548a54e01c694.jpg,"[{'r': 255, 'g': 255, 'b': 255}]",2787047,austingardner,2335,22,36,3825,110,0
232,17070111,Rendering ( Drill ) ,1977,Drawing,55,3,0,https://mir-s3-cdn-cf.behance.net/projects/404/17070111.548be9a090f7a.jpg,"[{'r': 153, 'g': 173, 'b': 41}]",2265203,RigobertoLopezB,2429,161,15,190,12,4
233,17518203,drill,1959,Industrial Design,18,3,0,https://mir-s3-cdn-cf.behance.net/projects/404/17518203.548c93774f53d.jpg,"[{'r': 209, 'g': 211, 'b': 211}]",6185155,chrix661,1959,1,3,181,24,0
234,21422921,Snap-On: The Knife Block,1796,Branding,35,3,0,https://mir-s3-cdn-cf.behance.net/projects/404/21422921.546c12f1b39e8.png,"[{'r': 17, 'g': 16, 'b': 14}]",1657879,janae,2574,20,34,2505,111,0
235,23359953,Product  Design (手枪钻形态分析与设计),1719,Industrial Design,196,3,0,https://mir-s3-cdn-cf.behance.net/projects/404/4e542823359953.54d1b9775a024.jpg,"[{'r': 254, 'g': 254, 'b': 254}]",5668011,leafye,2010,34,27,2628,45,0
236,23894455,Power drill makita,1700,Illustration,208,3,0,https://mir-s3-cdn-cf.behance.net/projects/404/e1a60d23894455.54ea326277f9f.jpg,"[{'r': 170, 'g': 167, 'b': 165}]",5852885,jefferrodrigo,1990,9,5,448,22,8
237,24344893,Snap-on Collaborative Project,1685,Industrial Design,112,3,0,https://mir-s3-cdn-cf.behance.net/projects/404/d15a7024344893.54fe69443eb63.jpg,"[{'r': 251, 'g': 250, 'b': 249}]",1131541,joshbrownportfolio,2726,51,173,10571,360,0
238,25797827,Drilby,1634,Industrial Design,47,3,0,https://mir-s3-cdn-cf.behance.net/projects/404/0e600c25797827.55418dcf1e15d.jpg,"[{'r': 161, 'g': 157, 'b': 152}]",13391219,kjp282801d7,1634,0,1,47,3,0
239,27004231,Advanced Visualisation folio,1593,Industrial Design,85,3,1,https://mir-s3-cdn-cf.behance.net/projects/404/42062d27004231.55785c66b6f57.jpg,"[{'r': 253, 'g': 253, 'b': 253}]",14474307,abde_N,1593,4,1,85,3,0
240,28230885,A Power Drill for Dyson,1546,Industrial Design,249,3,0,https://mir-s3-cdn-cf.behance.net/projects/404/ce48fd28230885.55b5f1f02c7fd.png,"[{'r': 255, 'g': 254, 'b': 255}]",12999457,robertokodiuchida,1650,16,49,2147,105,7
241,34332131,Bosch drill - 3D modeling and rendering,1334,Industrial Design,70,3,0,https://mir-s3-cdn-cf.behance.net/projects/404/5b004034332131.Y3JvcCwzNDIzLDI2NzcsNzg4LDEzNQ.jpg,"[{'r': 251, 'g': 251, 'b': 251}]",18069645,khaconcepts,1487,15,16,890,31,0
242,36849181,Drill Bits,1263,Industrial Design,62,3,0,https://mir-s3-cdn-cf.behance.net/projects/404/1758ef36849181.Y3JvcCwzNDEzLDI2NzAsNDA2LDI0NTA.jpg,"[{'r': 255, 'g': 181, 'b': 46}]",9467575,M_alqatam,1812,3,2,62,3,0
243,40173777,Ryobi cordless drill and accessory BMC,1207,Industrial Design,90,3,0,https://mir-s3-cdn-cf.behance.net/projects/404/23b63d40173777.Y3JvcCwxMjA3LDk0NSwwLDA.jpg,"[{'r': 77, 'g': 76, 'b': 83}]",37643695,CarbineDesign,1217,6,35,1975,56,0
244,45200521,Festool Household Companion,1070,Industrial Design,84,3,0,https://mir-s3-cdn-cf.behance.net/projects/404/c1371b45200521.Y3JvcCw2OTIsNTQyLDQxLDE0Mw.jpg,"[{'r': 134, 'g': 136, 'b': 144}]",29975337,StephanieKleyn,1315,9,9,500,16,0
245,45211605,Festool Household Companion,1070,Industrial Design,81,3,0,https://mir-s3-cdn-cf.behance.net/projects/404/a0729f45211605.Y3JvcCw4NzYsNjg2LDI0Niw1OA.jpg,"[{'r': 254, 'g': 254, 'b': 254}]",30923337,Edmar_Maree,1303,9,11,175,7,0
246,45787017,Manu-Hand Drill,1055,Industrial Design,35,3,0,https://mir-s3-cdn-cf.behance.net/projects/404/f4cc0445787017.Y3JvcCw3NTMsNTg5LDAsMTU5.jpg,"[{'r': 238, 'g': 239, 'b': 239}]",32723835,Matthew_Dangle,1279,4,0,165,8,0
247,53674639,Solar Power,861,Industrial Design,41,3,2,https://mir-s3-cdn-cf.behance.net/projects/404/cb43cd53674639.5ae576bce418e.jpg,"[{'r': 210, 'g': 209, 'b': 216}]",67941567,WJRSDesign,954,91,5,335,20,2
248,55203345,Drill Design & Illustration,814,Industrial Design,37,3,0,https://mir-s3-cdn-cf.behance.net/projects/404/987bda55203345.Y3JvcCwxNTAxLDExNzUsMzI5LDI5.jpg,"[{'r': 254, 'g': 254, 'b': 254}]",87690547,chriswerge,814,25,11,575,29,1
249,55634735,Modern Hand Drill Design,800,Industrial Design,79,3,0,https://mir-s3-cdn-cf.behance.net/projects/404/e774d455634735.Y3JvcCw5NTcsNzQ5LDE5MSww.jpg,"[{'r': 87, 'g': 89, 'b': 99}]",1230029,salomeyom,2690,2,7,852,73,0
250,56107325,J-Drill Project,785,Industrial Design,27,3,0,https://mir-s3-cdn-cf.behance.net/projects/404/9e180756107325.Y3JvcCwxMjMwLDk2MywwLDA.jpg,"[{'r': 33, 'g': 96, 'b': 107}]",93147749,dimacostos706f,786,10,8,394,30,3
251,56515325,Jesse Hensley Sketchbook,772,Industrial Design,281,3,0,https://mir-s3-cdn-cf.behance.net/projects/404/949f7756515325.Y3JvcCw4MTAsNjM0LDkyLDA.jpg,"[{'r': 255, 'g': 0, 'b': 0}]",11872659,JesseHensley,1698,4,11,2087,48,0
252,58395743,Breville Electric Screwdriver,717,Product Design,132,3,0,https://mir-s3-cdn-cf.behance.net/projects/404/6a68e958395743.59fa9852121ef.jpg,"[{'r': 251, 'g': 251, 'b': 251}]",108626601,jaydenpanetta,718,1,3,414,5,0
253,58468731,Breville Drill,715,Industrial Design,116,3,0,https://mir-s3-cdn-cf.behance.net/projects/404/d5ec9b58468731.Y3JvcCw0MDM3LDMxNTksNDE4LDA.jpg,"[{'r': 255, 'g': 255, 'b': 255}]",109353239,jeffying9b58d,715,4,6,366,14,0
254,59801781,AEG Compact Drill Driver BS 12 C2 LI-202C,677,Industrial Design,52,3,0,https://mir-s3-cdn-cf.behance.net/projects/404/f0703d59801781.Y3JvcCwxNDAzLDEwOTgsMCwxNzM.png,"[{'r': 35, 'g': 25, 'b': 19}]",11312267,vincentchan46,1724,37,65,1234,112,3
255,59802209,AEG 12 V Compact Drill Driver BS 12G3/ BSB 12G2,677,Industrial Design,36,3,0,https://mir-s3-cdn-cf.behance.net/projects/404/f8192659802209.Y3JvcCw4MDMsNjI5LDIzMiw5OQ.jpg,"[{'r': 43, 'g': 35, 'b': 30}]",11312267,vincentchan46,1724,37,65,1234,112,3
256,61647011,Drill,624,Game Design,17,3,0,https://mir-s3-cdn-cf.behance.net/projects/404/5cda8b61647011.Y3JvcCwxMzg0LDEwODMsMjcwLDA.png,"[{'r': 156, 'g': 148, 'b': 141}]",45705609,lucasoxf5fdb,1135,3,5,150,14,6
257,63734983,Black + Decker | GoPak Orientation Arrows,571,Industrial Design,76,3,0,https://mir-s3-cdn-cf.behance.net/projects/404/3dd9bc63734983.Y3JvcCwxNjgyLDEzMTcsMTUzMywxMTUx.jpg,"[{'r': 14, 'g': 14, 'b': 14}]",52354139,MikeDeGregory,1079,52,7,217,12,1
258,63864469,3D modeling project_drill,568,Industrial Design,23,3,0,https://mir-s3-cdn-cf.behance.net/projects/404/7d905463864469.Y3JvcCwyMzA2LDE4MDUsNTEsMA.jpg,"[{'r': 45, 'g': 45, 'b': 45}]",69412581,angelawang8bf9,942,3,4,623,19,0
259,65392149,Black & Decker hand drill,529,Industrial Design,35,3,0,https://mir-s3-cdn-cf.behance.net/projects/404/4b96e965392149.Y3JvcCwxMDc5LDg0NCw0NSww.png,"[{'r': 255, 'g': 255, 'b': 255}]",94217227,JoshuaLehmann,781,6,5,212,7,0
260,67619411,P&H 320 XPC Drill,470,Computer Animation,22,3,0,https://mir-s3-cdn-cf.behance.net/projects/404/94be7567619411.Y3JvcCwxMzgwLDEwODAsODgsMA.jpg,"[{'r': 253, 'g': 253, 'b': 253}]",12008343,EvanSisson,1692,15,20,1581,179,2
261,69348029,BOSCH DRILL,423,Industrial Design,27,3,0,https://mir-s3-cdn-cf.behance.net/projects/404/4809ef69348029.Y3JvcCwzNjQyLDI4NDksNjQwLDA.jpg,"[{'r': 248, 'g': 248, 'b': 248}]",192824681,eliabaggin5b98,432,12,4,353,18,0
262,69394491,Percussion drill,422,Industrial Design,26,3,1,https://mir-s3-cdn-cf.behance.net/projects/404/af9fff69394491.5b7f69473598a.png,"[{'r': 208, 'g': 206, 'b': 208}]",91802111,18292008964ed6b,793,257,5,27,3,1
263,69880225,Animating Cordless Drill,409,Industrial Design,75,3,0,https://mir-s3-cdn-cf.behance.net/projects/404/2ef80d69880225.Y3JvcCwxMDA3LDc4OCwxOTcsMA.jpg,"[{'r': 29, 'g': 29, 'b': 29}]",66186807,7082kim436f,967,20,3,75,3,6
264,73616515,DRILL FOR WOMEN IN 1 PERCENTILE,313,Industrial Design,4,3,0,https://mir-s3-cdn-cf.behance.net/projects/404/e1cdce73616515.Y3JvcCw1MTEzLDQwMDAsNDQzLDA.jpg,"[{'r': 182, 'g': 183, 'b': 178}]",208124327,oopheim344c,402,0,0,31,12,0
265,75123695,Hammer Drill Redesign on Image,273,Industrial Design,26,3,1,https://mir-s3-cdn-cf.behance.net/projects/404/a4384175123695.Y3JvcCwxMDEwLDc5MCw0MDAsMA.jpg,"[{'r': 45, 'g': 47, 'b': 53}]",95097917,euniceyuenwy,777,4,3,110,8,1
266,75467247,Smart Drill,265,Industrial Design,14,3,0,https://mir-s3-cdn-cf.behance.net/projects/404/f5b52075467247.Y3JvcCwzNTA4LDI3NDMsMCww.jpg,"[{'r': 253, 'g': 254, 'b': 252}]",40056599,ghaniasohail,1191,2,2,110,8,0
267,75739269,DRILL MACHINE EXPLODED VIEW,260,Industrial Design,70,3,0,https://mir-s3-cdn-cf.behance.net/projects/404/60674675739269.Y3JvcCw0MjI2LDMzMDYsMTE1LDA.jpg,"[{'r': 10, 'g': 13, 'b': 183}]",146036669,mkediab7da,567,90,28,1100,91,2
268,76608353,Hand Drill study,241,Industrial Design,15,3,0,https://mir-s3-cdn-cf.behance.net/projects/404/305af576608353.Y3JvcCwyNTQ2LDE5OTIsMjUsMA.jpg,"[{'r': 213, 'g': 213, 'b': 213}]",80759625,agunda206e55,858,14,5,453,54,1
269,78846901,Ergonomic Analysis: Cordless Hand Drill,191,Industrial Design,30,3,0,https://mir-s3-cdn-cf.behance.net/projects/404/942e2978846901.Y3JvcCw1NTYsNDM1LDY5MCwxODg.png,"[{'r': 254, 'g': 154, 'b': 32}]",108241807,tom1999son7fcf,720,19,10,472,48,1
270,79809815,An Electric Drill Longboard by Aufa - SDP II (LS),168,Industrial Design,28,3,1,https://mir-s3-cdn-cf.behance.net/projects/404/680be979809815.Y3JvcCwxNzU3LDEzNzUsMzYxLDA.jpg,"[{'r': 255, 'g': 255, 'b': 255}]",289106707,500454or110,279,28,22,146,17,6
271,84249273,BOSCH electric drill,65,Industrial Design,27,3,0,https://mir-s3-cdn-cf.behance.net/projects/404/48ebe184249273.Y3JvcCw5ODEsNzY4LDI4Niww.jpg,"[{'r': 255, 'g': 255, 'b': 255}]",5499971,fengbobo,2028,799,34,626,62,23
272,9042955,Embrace: Electric drill transformed into bottle cleaner,2333,Industrial Design,148,3,0,https://mir-s3-cdn-cf.behance.net/projects/404/9042955.547a729510fec.jpg,"[{'r': 142, 'g': 154, 'b': 163}]",2787505,Deane,2335,13,15,1700,21,0
273,9339833,Sketching Practice,2316,Drawing,123,3,0,https://mir-s3-cdn-cf.behance.net/projects/404/9339833.547bff38da19e.jpg,"[{'r': 180, 'g': 166, 'b': 143}]",1832829,pdvalverde,2531,56,12,123,3,21
274,11639133,Sandvik D90,2189,Computer Animation,204,2,0,https://mir-s3-cdn-cf.behance.net/projects/404/11639133.5481ac24e7067.jpg,"[{'r': 211, 'g': 228, 'b': 246}]",270598,darylmyers,3246,31,37,12139,62,1
275,12675273,Xu1 Power Drill,1573,Engineering,221,2,0,https://mir-s3-cdn-cf.behance.net/projects/404/efefb112675273.558e5413a3249.jpg,"[{'r': 125, 'g': 130, 'b': 134}]",4278897,micahcarreon,2152,30,18,2950,57,0
276,12800641,Black&Decker Drill,2145,Industrial Design,389,2,0,https://mir-s3-cdn-cf.behance.net/projects/404/12800641.5483270840394.jpg,"[{'r': 254, 'g': 254, 'b': 253}]",2469215,vwthinking,2391,9,15,1683,22,0
277,14299359,Small Hand Drill,2083,Industrial Design,179,2,0,https://mir-s3-cdn-cf.behance.net/projects/404/14299359.54854fadd8311.jpg,"[{'r': 253, 'g': 253, 'b': 253}]",2363319,denizekmekcioglu,2410,30,21,1251,36,0
278,15537277,Drill Rods,2036,Industrial Design,41,2,0,https://mir-s3-cdn-cf.behance.net/projects/404/15537277.5489b5533b301.png,"[{'r': 253, 'g': 254, 'b': 253}]",5431843,carsonunderground,2036,0,2,41,2,0
279,17737401,Shedding Light on Builders Hardware and Drill Bits,1950,Industrial Design,131,2,0,https://mir-s3-cdn-cf.behance.net/projects/404/17737401.548ce588b7736.jpg,"[{'r': 255, 'g': 255, 'b': 255}]",5574683,stanleytools,2020,8,3,852,12,0
280,18430499,Design and Drill- Socket To Me,1920,Industrial Design,63,2,0,https://mir-s3-cdn-cf.behance.net/projects/404/18430499.548deb73a4c36.jpg,"[{'r': 253, 'g': 254, 'b': 252}]",7012311,danielhkim127,1920,0,6,595,35,0
281,22486923,Freelance project - Electric drill and paintbrush,1748,Industrial Design,105,2,0,https://mir-s3-cdn-cf.behance.net/projects/404/22486923.54aacc13608dd.jpg,"[{'r': 248, 'g': 249, 'b': 250}]",1090597,chrisdove,2741,38,40,3283,39,3
282,23482305,Tough Lantern,1715,Engineering,86,2,1,https://mir-s3-cdn-cf.behance.net/projects/404/d0868b23482305.54d754ed1a024.jpg,"[{'r': 108, 'g': 150, 'b': 192}]",10482141,ferguspottinger,1762,20,9,801,14,0
283,25798581,angle grinder design,1634,Industrial Design,231,2,0,https://mir-s3-cdn-cf.behance.net/projects/404/8cf64825798581.5541961d46058.jpg,"[{'r': 245, 'g': 247, 'b': 245}]",5661649,hyohee,2011,12,8,970,31,1
284,26420431,The Armour,1613,Industrial Design,149,2,0,https://mir-s3-cdn-cf.behance.net/projects/404/0b4d8226420431.555d416d789cc.jpg,"[{'r': 183, 'g': 163, 'b': 132}]",10026011,Crimsoniron,1786,2,3,213,5,0
285,30239767,Power Drill and Spray Bottle Concept,1470,Illustration,70,2,0,https://mir-s3-cdn-cf.behance.net/projects/404/1ca86230239767.561a075356214.png,"[{'r': 255, 'g': 255, 'b': 255}]",19106965,yeremiaevian,1470,66,25,1534,63,1
286,32590523,Knex Pillar Drill,1383,Engineering,35,2,0,https://mir-s3-cdn-cf.behance.net/projects/404/ddc09f32590523.Y3JvcCwzMzc0LDI2MzksOTUyLDUwOQ.jpg,"[{'r': 181, 'g': 105, 'b': 38}]",17887405,lumolights,1493,7,1,120,4,0
287,34066534,Technical drawings,1342,Graphic Design,47,2,0,https://mir-s3-cdn-cf.behance.net/projects/404/ed3a3234066534.Y3JvcCw1MTcsNDA0LDEyNSw3Mg.jpg,"[{'r': 253, 'g': 253, 'b': 253}]",322225,marep,3169,75,37,3008,101,22
288,34685545,Ant Hill Drill,1325,Drawing,69,2,0,https://mir-s3-cdn-cf.behance.net/projects/404/a69bda34685545.Y3JvcCwxNTAwLDExNzQsMCw0NDI.png,"[{'r': 174, 'g': 155, 'b': 135}]",28673821,MichelleVullo,1333,10,9,1723,32,5
289,36636201,Ridgid Hand Drill Drawings,1269,Drawing,57,2,0,https://mir-s3-cdn-cf.behance.net/projects/404/61af3236636201.Y3JvcCw2NDcsNTA3LDQ1LDA.jpg,"[{'r': 207, 'g': 214, 'b': 210}]",31076739,corlihattingh,1301,7,8,505,27,0
290,40353341,Orthopedic Saw/Drill Duo,1201,Graphic Design,78,2,0,https://mir-s3-cdn-cf.behance.net/projects/404/8309c640353341.Y3JvcCw5MjAyLDcxOTAsMCw2Mg.jpg,"[{'r': 82, 'g': 173, 'b': 237}]",4093417,chloederraugh,2167,39,14,941,28,2
291,41214095,Hand drill,1176,Industrial Design,44,2,0,https://mir-s3-cdn-cf.behance.net/projects/404/0b3e6041214095.Y3JvcCwxMDI5LDgwNSwyNTYsMA.jpg,"[{'r': 151, 'g': 152, 'b': 152}]",40294517,edpizanif2ed,1188,7,1,100,4,0
292,43833433,screwdriver,1078,Industrial Design,79,2,0,https://mir-s3-cdn-cf.behance.net/projects/404/83a09643833433.Y3JvcCw1NzAsNDQ2LDI5OSwxMjc.jpg,"[{'r': 196, 'g': 196, 'b': 196}]",46127771,moreeva2015d99,1132,1,1,434,23,1
293,45212667,Festool Household Companion,1070,Industrial Design,37,2,0,https://mir-s3-cdn-cf.behance.net/projects/404/28020745212667.Y3JvcCw0NTIxLDM1MzksNDY4LDA.jpg,"[{'r': 210, 'g': 211, 'b': 214}]",31010513,SophiaZisis,1302,22,17,465,21,0
294,45213541,Festool household Drill,1070,Industrial Design,72,2,0,https://mir-s3-cdn-cf.behance.net/projects/404/12ad5b45213541.Y3JvcCw0NDg5LDM1MTQsNDY1LDA.jpg,"[{'r': 248, 'g': 248, 'b': 248}]",30779275,glinisterl945d,1305,11,9,461,20,0
295,45215835,Festool Cordless Drill,1070,Industrial Design,59,2,1,https://mir-s3-cdn-cf.behance.net/projects/404/6c0ff045215835.Y3JvcCwyNDU0LDE5MjAsMCwyNjY.jpg,"[{'r': 220, 'g': 227, 'b': 227}]",30684731,piafindlay7475,1306,0,13,380,13,0
296,48879885,MISTER TOOL AKKU DRILL,976,Industrial Design,21,2,0,https://mir-s3-cdn-cf.behance.net/projects/404/4c8d2948879885.Y3JvcCwxNTAzLDExNzYsMCw0MzQ.png,"[{'r': 45, 'g': 45, 'b': 45}]",7210187,stockenhuber,1909,11,54,7340,483,9
297,4940197,Cordless Drill,2610,Industrial Design,347,2,0,https://mir-s3-cdn-cf.behance.net/projects/404/4940197.5464b3d2e3050.jpg,"[{'r': 237, 'g': 235, 'b': 242}]",1519315,DylanCooper,2611,15,21,1520,22,0
298,4945611,SALOMON DRILL,2610,Industrial Design,129,2,0,https://mir-s3-cdn-cf.behance.net/projects/404/4945611.5464baed85e06.jpg,"[{'r': 254, 'g': 255, 'b': 254}]",1506995,JDNportfolio,2614,26,20,2425,68,0
299,4948485,Ktm Race Ready cordless drill concept,2610,Industrial Design,339,2,1,https://mir-s3-cdn-cf.behance.net/projects/404/4948485.5464be8fc2799.jpg,"[{'r': 235, 'g': 240, 'b': 236}]",1521223,HvanAswegen,2610,0,4,764,7,0
300,4953689,Porsche 912CL,2609,Automotive Design,171,2,0,https://mir-s3-cdn-cf.behance.net/projects/404/4953689.5464c53dc833d.jpg,"[{'r': 4, 'g': 3, 'b': 3}]",1520461,raeesamien,2610,17,26,1513,33,0
301,50519339,Cordless drill,942,Industrial Design,23,2,0,https://mir-s3-cdn-cf.behance.net/projects/404/0bc71f50519339.Y3JvcCwyNjE0LDIwNDYsMTI3OCw1MQ.jpg,"[{'r': 255, 'g': 217, 'b': 0}]",69460861,mrdbarton313f,942,0,1,127,4,0
302,51287631,Lowpoly Electric Drill,925,Industrial Design,106,2,0,https://mir-s3-cdn-cf.behance.net/projects/404/70864751287631.Y3JvcCwxMjk4LDEwMTYsNTgzLDA.jpg,"[{'r': 3, 'g': 6, 'b': 8}]",71605623,luisgerardc7ee,925,0,2,150,6,0
303,52716321,Compact Power Drill,887,Industrial Design,26,2,0,https://mir-s3-cdn-cf.behance.net/projects/404/3a5ba252716321.Y3JvcCwxMjM0LDk2NiwzMzIsMTg.jpg,"[{'r': 254, 'g': 254, 'b': 254}]",3167649,Spiffyj,2278,29,17,1340,77,2
304,55654663,Drill Jig Assembly Drawings,800,Engineering,234,2,0,https://mir-s3-cdn-cf.behance.net/projects/404/fa3fd555654663.Y3JvcCwxMTUzLDkwMiwyLDA.jpg,"[{'r': 251, 'g': 253, 'b': 252}]",90340825,cdwadsworth,800,27,0,295,4,2
305,58586987,3D Battery Powered Drill,711,Industrial Design,35,2,0,https://mir-s3-cdn-cf.behance.net/projects/404/88094058586987.Y3JvcCwxMTU5LDkwNywxMSwxMDA.jpg,"[{'r': 199, 'g': 215, 'b': 255}]",73576277,robertwilkbb1e,909,14,10,1872,29,10
306,5859131,Sony Powerdrill,2535,Industrial Design,136,2,0,https://mir-s3-cdn-cf.behance.net/projects/404/5859131.54697d1613d89.jpg,"[{'r': 254, 'g': 254, 'b': 254}]",1814993,chrisbattydesign,2535,1,14,585,8,0
307,59697927,GEAR - A Fully Sustainable Automatic and Manual Drill,680,Industrial Design,24,2,0,https://mir-s3-cdn-cf.behance.net/projects/404/a34eee59697927.Y3JvcCwzNDUwLDI3MDAsNzY2LDI3Mg.jpg,"[{'r': 253, 'g': 253, 'b': 253}]",116056427,callumlewisdesigns,687,2,2,24,2,0
308,60413545,Milwaukee drill concept,655,Industrial Design,78,2,0,https://mir-s3-cdn-cf.behance.net/projects/404/36eee460413545.5a4c5775aa946.png,"[{'r': 207, 'g': 176, 'b': 149}]",69596845,drakeschlo166a,941,103,26,1126,98,3
309,60489125,CAD model / hand drill,653,Industrial Design,43,2,0,https://mir-s3-cdn-cf.behance.net/projects/404/6f4d3460489125.Y3JvcCw4MzMsNjUyLDUzLDA.jpg,"[{'r': 211, 'g': 211, 'b': 211}]",5512181,theQ_tong,2027,64,10,701,28,0
310,64423031,Drill,554,Industrial Design,13,2,0,https://mir-s3-cdn-cf.behance.net/projects/404/a6376564423031.Y3JvcCw0MTA2LDMyMTMsMCw0NDY.jpg,"[{'r': 23, 'g': 23, 'b': 23}]",2647073,hasuzart,2359,18,5,558,41,2
311,64423481,"Stinger, the drill",554,Industrial Design,16,2,0,https://mir-s3-cdn-cf.behance.net/projects/404/a3376764423481.Y3JvcCwxMDA5LDc5MCwxOTcsMA.png,"[{'r': 241, 'g': 240, 'b': 241}]",148638775,hallelua53254f,557,6,7,583,29,0
312,64577979,DRILL,550,Industrial Design,47,2,1,https://mir-s3-cdn-cf.behance.net/projects/404/15246664577979.Y3JvcCwxMTIxLDg3NywxNDEsMA.png,"[{'r': 40, 'g': 36, 'b': 34}]",6104587,angimarian,1966,64,463,7942,1636,1
313,66224835,Drill | Product Design,507,Industrial Design,55,2,0,https://mir-s3-cdn-cf.behance.net/projects/404/ddc6d066224835.Y3JvcCwxNDAwLDEwOTUsMCw3MTM.png,"[{'r': 35, 'g': 35, 'b': 42}]",53038947,eduarddavidel,1074,17,14,1007,81,2
314,66280011,Atlas Copco DM Series Drill,506,Computer Animation,20,2,0,https://mir-s3-cdn-cf.behance.net/projects/404/8e8dc266280011.Y3JvcCwxMzg0LDEwODMsMTMzLDA.jpg,"[{'r': 253, 'g': 253, 'b': 253}]",12008343,EvanSisson,1692,15,20,1581,179,2
315,6648925,Ferramentas Forza | Forza Tools,2471,Industrial Design,226,2,0,https://mir-s3-cdn-cf.behance.net/projects/404/6648925.546db0349404a.jpg,"[{'r': 255, 'g': 255, 'b': 255}]",2062711,yuri_pbc,2471,5,7,594,3,0
316,7203611,Neuro Cordless drill,2435,Creative Direction,143,2,0,https://mir-s3-cdn-cf.behance.net/projects/404/7203611.5470a93b98515.jpg,"[{'r': 251, 'g': 251, 'b': 246}]",1235499,ClaudioFioreMassenz,2687,82,56,2032,45,0
317,72637747,Cordless Impact drill,338,Industrial Design,11,2,0,https://mir-s3-cdn-cf.behance.net/projects/404/77001e72637747.5bedd223a25a5.jpg,"[{'r': 214, 'g': 210, 'b': 203}]",12546559,goodlures,1669,0,1,80,4,5
318,73328049,Black Diamond Hammer Drill,320,Industrial Design,30,2,0,https://mir-s3-cdn-cf.behance.net/projects/404/fe505f73328049.Y3JvcCw4MjgsNjQ4LDMyLDA.jpg,"[{'r': 36, 'g': 57, 'b': 74}]",174086651,lervin4bbbb,467,0,1,123,8,0
319,7605433,Burton Powertools,2398,Industrial Design,390,2,0,https://mir-s3-cdn-cf.behance.net/projects/404/7605433.5472d3180566f.jpg,"[{'r': 253, 'g': 254, 'b': 253}]",2260297,hannahma,2430,31,22,708,6,0
320,77029383,Digital Sketchbook 2019,222,Illustration,39,2,0,https://mir-s3-cdn-cf.behance.net/projects/404/6cb04b77029383.5c87c21978d93.jpg,"[{'r': 162, 'g': 162, 'b': 162}]",23426581,Delindbe,1410,134,26,1258,50,3
321,77978519,Hand Drill Assignment,129,Industrial Design,20,2,0,https://mir-s3-cdn-cf.behance.net/projects/404/a71b7c77978519.Y3JvcCw5OTcsNzgwLDExNiww.png,"[{'r': 252, 'g': 246, 'b': 244}]",100493671,hswdesign,752,4,2,554,16,0
322,79299773,Household electric drill,180,Industrial Design,33,2,0,https://mir-s3-cdn-cf.behance.net/projects/404/738e5179299773.5cbf21f590eb0.jpg,"[{'r': 24, 'g': 24, 'b': 24}]",84345983,846015688f32a,834,16,2,35,3,0
323,80049471,Drill Hand Renders,163,Industrial Design,21,2,0,https://mir-s3-cdn-cf.behance.net/projects/404/094bbe80049471.Y3JvcCwzNTQ4LDI3NzUsNTc5LDI4OQ.jpg,"[{'r': 81, 'g': 81, 'b': 81}]",65520501,courtpietr2907,972,19,8,357,13,0
324,81085865,Ducati Hand Drill,139,Branding,11,2,2,https://mir-s3-cdn-cf.behance.net/projects/404/964cec81085865.Y3JvcCw4MzgsNjU2LDkwOSwxNDE.jpg,"[{'r': 250, 'g': 0, 'b': 0}]",10547339,RusheelTickoo,1758,70,5,726,22,0
325,82390099,Electric hand drill,109,Industrial Design,15,2,0,https://mir-s3-cdn-cf.behance.net/projects/404/d9b34f82390099.Y3JvcCwzMDg0LDI0MTIsMTQ0MiwyNTE.jpg,"[{'r': 41, 'g': 44, 'b': 50}]",105671285,1783782177757f,730,262,5,161,11,10
326,83058565,"""Rowenta"" Drill Concept",94,Industrial Design,52,2,0,https://mir-s3-cdn-cf.behance.net/projects/404/7a4a4083058565.Y3JvcCwxNDAwLDEwOTUsMCwxNTI.png,"[{'r': 42, 'g': 42, 'b': 42}]",389452637,_kevinchen,94,5,1,52,2,0
327,83742543,Drill - 3D modeling + rendering,77,Industrial Design,13,2,0,https://mir-s3-cdn-cf.behance.net/projects/404/01ef4c83742543.Y3JvcCwxMzgwLDEwODAsMjA1LDA.jpg,"[{'r': 47, 'g': 48, 'b': 44}]",57841415,jefersonfaveri,1035,4,2,58,15,0
328,84353303,BRAM,62,Graphic Design,15,2,0,https://mir-s3-cdn-cf.behance.net/projects/404/32554c84353303.Y3JvcCwxMzA5LDEwMjQsMzY5LDA.jpg,"[{'r': 255, 'g': 255, 'b': 0}]",3117415,escagedo,2285,241,22,1224,97,20
329,84890993,Drill machine 3D study,49,Product Design,6,2,0,https://mir-s3-cdn-cf.behance.net/projects/404/6eade284890993.Y3JvcCw4ODMsNjkxLDAsMA.jpg,"[{'r': 230, 'g': 230, 'b': 230}]",162993249,andreiveniamin,497,4,3,108,15,0
330,85355777,Electric drill design,38,Industrial Design,55,2,0,https://mir-s3-cdn-cf.behance.net/projects/404/46641a85355777.Y3JvcCwxNzk5LDE0MDcsMCwxOTU.jpg,"[{'r': 75, 'g': 76, 'b': 79}]",34948753,eunchul,1249,0,11,724,58,0
331,86351255,DRİLL,16,Industrial Design,4,2,0,https://mir-s3-cdn-cf.behance.net/projects/404/d44b1e86351255.Y3JvcCwzNjE4LDI4MzAsMTM0LDA.jpg,"[{'r': 252, 'g': 252, 'b': 252}]",53299123,frknzdr,1072,13,3,181,46,0
332,10030561,Metabo Drill Package,2277,Graphic Design,317,1,0,https://mir-s3-cdn-cf.behance.net/projects/404/10030561.547f6e8aebc6b.jpg,"[{'r': 253, 'g': 254, 'b': 253}]",2228813,malmeshillustrates,2436,13,43,4996,84,0
333,10627013,Drill Drawing,2243,Drawing,351,1,0,https://mir-s3-cdn-cf.behance.net/projects/404/10627013.5480411ade687.jpg,"[{'r': 254, 'g': 254, 'b': 254}]",1803117,SMB_Designs,2538,11,5,2462,18,0
334,12043527,Drill design,2169,Industrial Design,75,1,0,https://mir-s3-cdn-cf.behance.net/projects/404/12043527.54823ea3ad202.jpg,"[{'r': 220, 'g': 207, 'b': 199}]",3555785,Abumatar,2222,4,8,586,9,0
335,22587143,Boss - Cordless Driver,1745,Industrial Design,119,1,0,https://mir-s3-cdn-cf.behance.net/projects/404/22587143.54aef64870881.jpg,"[{'r': 42, 'g': 42, 'b': 42}]",6997107,cclaassen,1921,0,0,119,1,0
336,22947425,Practical drill tool: FESTOOL,1733,Industrial Design,160,1,0,https://mir-s3-cdn-cf.behance.net/projects/404/22947425.54bfc48163518.jpg,[],11092829,BernardoOdz,1733,8,6,535,16,0
337,25597153,Drill | Product Design,1641,Industrial Design,55,1,0,https://mir-s3-cdn-cf.behance.net/projects/404/605e2e25597153.5538e96a6bd01.jpg,"[{'r': 255, 'g': 255, 'b': 254}]",4582253,alestebansan,2115,23,19,809,45,1
338,28620365,RENDERING,1531,Industrial Design,51,1,0,https://mir-s3-cdn-cf.behance.net/projects/404/2b97ed28620365.55c9d2d840e19.jpg,"[{'r': 208, 'g': 209, 'b': 210}]",7350991,Tiars,1900,2,5,150,5,0
339,29199337,Drill,1509,Industrial Design,14,1,0,https://mir-s3-cdn-cf.behance.net/projects/404/d532d029199337.55e719f04018a.jpg,"[{'r': 214, 'g': 167, 'b': 165}]",14901181,defconsix,1580,1,0,42,1,0
340,29531211,Copy Sketch,1496,Industrial Design,63,1,0,https://mir-s3-cdn-cf.behance.net/projects/404/5cc48029531211.55f7ca08d1ef9.jpg,"[{'r': 179, 'g': 170, 'b': 151}]",9256707,Phillip2009,1821,7,1,81,2,0
341,33714508,Porter Cable Drill,1353,Industrial Design,41,1,0,https://mir-s3-cdn-cf.behance.net/projects/404/84520033714508.Y3JvcCw0MDQsMzE2LDEyLDI4.png,"[{'r': 44, 'g': 49, 'b': 46}]",11313075,francescoranieri,1724,4,1,104,4,0
342,34784095,DeWALT Jigsaw,1321,Industrial Design,86,1,0,https://mir-s3-cdn-cf.behance.net/projects/404/29c93d34784095.Y3JvcCwxNTk1LDEyNDksMCww.jpg,"[{'r': 11, 'g': 11, 'b': 11}]",27781132,Michael-Doyon,1345,17,17,245,13,0
343,35832343,Ducati Hand Drill,1291,Automotive Design,87,1,0,https://mir-s3-cdn-cf.behance.net/projects/404/1afcf035832343.Y3JvcCw0NjIsMzYyLDc4LDA.jpg,"[{'r': 254, 'g': 254, 'b': 254}]",27062173,OjasSagroli,1356,70,12,785,18,1
344,35939631,A Drilling Machine for Ducati.,1288,Branding,52,1,0,https://mir-s3-cdn-cf.behance.net/projects/404/4ae86035939631.Y3JvcCw0MDQsMzE2LDAsMA.jpg,"[{'r': 0, 'g': 0, 'b': 0}]",27189644,Akapoor,1354,9,4,135,1,0
345,41712381,"Simple drill, surface construction",1161,Industrial Design,60,1,0,https://mir-s3-cdn-cf.behance.net/projects/404/98348641712381.Y3JvcCwzMTc4LDI0ODcsMTk2LDA.jpg,"[{'r': 255, 'g': 255, 'b': 255}]",42644955,VA_Designs,1164,5,9,680,18,0
346,44646337,Wood Working,1082,Industrial Design,83,1,0,https://mir-s3-cdn-cf.behance.net/projects/404/b30e1044646337.Y3JvcCw0Njc1LDM2NTksNDA0LDA.jpg,"[{'r': 248, 'g': 250, 'b': 251}]",24252641,kanika_kumar,1397,23,47,5331,260,1
347,45198019,Festool Cordless Drill,1070,Branding,70,1,0,https://mir-s3-cdn-cf.behance.net/projects/404/8ff91d45198019.Y3JvcCw2MjEyLDQ4NjIsMCww.jpg,"[{'r': 207, 'g': 207, 'b': 207}]",26452715,SiviweJali,1364,23,4,728,13,5
348,45215023,Festool Concept Drill,1070,Industrial Design,41,1,0,https://mir-s3-cdn-cf.behance.net/projects/404/13dc4a45215023.Y3JvcCw0NTUyLDM1NjMsNDI3LDA.jpg,"[{'r': 18, 'g': 20, 'b': 29}]",30254287,marcoranieri,1311,4,4,67,2,0
349,45474919,Drill: Kettlebell Alarm Clock,1063,Industrial Design,45,1,0,https://mir-s3-cdn-cf.behance.net/projects/404/d5829645474919.Y3JvcCwxMjY4LDk5Myw2NSww.png,"[{'r': 254, 'g': 254, 'b': 254}]",46863907,isabelgmina,1126,12,3,483,18,0
350,4936239,Pixar inspired cordless drill,2611,Industrial Design,243,1,0,https://mir-s3-cdn-cf.behance.net/projects/404/4936239.5464aeded5103.jpg,"[{'r': 246, 'g': 247, 'b': 246}]",1477755,charlverster,2622,20,25,4507,52,0
351,4959097,Dakine Cordless Drill,2609,Industrial Design,188,1,0,https://mir-s3-cdn-cf.behance.net/projects/404/4959097.5464cc3ca0cca.jpg,"[{'r': 204, 'g': 178, 'b': 180}]",1519197,dfpikld,2611,0,4,734,5,0
352,50014141,DRILL DESIGN,952,Industrial Design,37,1,0,https://mir-s3-cdn-cf.behance.net/projects/404/27c27150014141.Y3JvcCwxMTk1LDkzNSwyMDMsMA.jpg,"[{'r': 114, 'g': 94, 'b': 80}]",9447401,zpz1224339d,1813,73,2,57,2,18
353,51483197,Russian Asteroid Drill,920,Illustration,43,1,0,https://mir-s3-cdn-cf.behance.net/projects/404/b201ec51483197.Y3JvcCwyNTU2LDIwMDAsMCwyNTg.jpeg,"[{'r': 238, 'g': 239, 'b': 244}]",2856053,nathanielgerber,2323,25,13,731,29,1
354,53164895,DIRI l drill,875,Industrial Design,49,1,0,https://mir-s3-cdn-cf.behance.net/projects/404/0b5a9c53164895.Y3JvcCw0MDgzLDMxOTYsNTY0LDEyMA.jpg,"[{'r': 173, 'g': 175, 'b': 175}]",69299413,artcrop,943,28,45,1213,208,54
355,55421611,Fun Drill,807,Industrial Design,17,1,2,https://mir-s3-cdn-cf.behance.net/projects/404/73a46355421611.Y3JvcCwzNTE1LDI3NTEsNjg1LDA.jpg,"[{'r': 104, 'g': 88, 'b': 255}]",52657787,carol_kata27fe,1077,4,1,70,6,0
356,57714365,Photoshop Render of Black + Decker Drill,737,Industrial Design,29,1,0,https://mir-s3-cdn-cf.behance.net/projects/404/ae022f57714365.Y3JvcCw0NDk2LDM1MTksMzIxLDA.png,"[{'r': 212, 'g': 212, 'b': 212}]",103871723,emmahartshf54b,738,4,6,289,8,0
357,58540205,IKEA Drill handle (Reverse engineering),712,Industrial Design,46,1,1,https://mir-s3-cdn-cf.behance.net/projects/404/d8e2b058540205.Y3JvcCwxNDAzLDEwOTgsMCwxMA.jpg,"[{'r': 250, 'g': 250, 'b': 250}]",109353239,jeffying9b58d,715,4,6,366,14,0
358,5930887,Suporte para furadeiras manuais,2530,Drawing,75,1,0,https://mir-s3-cdn-cf.behance.net/projects/404/5930887.5469de3caf499.jpg,"[{'r': 99, 'g': 170, 'b': 228}]",1837277,willians,2530,17,2,206,1,0
359,60691613,DESIGNPROCESS of Mr. Tool „akku drill“ and „saw“,648,Art Direction,15,1,1,https://mir-s3-cdn-cf.behance.net/projects/404/fda72d60691613.5a561c4179ae4.jpg,"[{'r': 231, 'g': 231, 'b': 231}]",7210187,stockenhuber,1909,11,54,7340,483,9
360,62790639,Drill modelling,595,Industrial Design,20,1,0,https://mir-s3-cdn-cf.behance.net/projects/404/913c8662790639.Y3JvcCw0NDk2LDM1MTksMjMzLDA.jpg,"[{'r': 255, 'g': 255, 'b': 255}]",48288621,hoyin888,1113,9,2,264,10,0
361,62981639,Vermeer Directional Drill line,590,Industrial Design,47,1,0,https://mir-s3-cdn-cf.behance.net/projects/404/86d91b62981639.Y3JvcCwxMTYxLDkwOCwxMjAsMA.jpg,"[{'r': 35, 'g': 35, 'b': 23}]",68945491,aubreyjohn6e780,945,5,20,514,36,0
362,63309183,Drill Project Year 1,582,Industrial Design,18,1,0,https://mir-s3-cdn-cf.behance.net/projects/404/fae26163309183.Y3JvcCwxNjAwLDEyNTIsNTIxLDA.jpg,"[{'r': 247, 'g': 248, 'b': 251}]",8505091,TML-Design,1836,1,1,387,7,0
363,63566739,Ergonomic Drill,576,Industrial Design,25,1,0,https://mir-s3-cdn-cf.behance.net/projects/404/33933f63566739.Y3JvcCwxMDk4LDg1OSw1MSww.jpg,"[{'r': 252, 'g': 252, 'b': 252}]",14507195,irmajs,1591,110,15,922,46,2
364,64183999,Hand drill,560,Industrial Design,10,1,0,https://mir-s3-cdn-cf.behance.net/projects/404/579a4564183999.5aca351ae7a5c.jpg,"[{'r': 245, 'g': 245, 'b': 245}]",147904127,man2256306ad7d,560,17,2,69,10,0
365,64653227,Dyson Drill,548,Industrial Design,46,1,0,https://mir-s3-cdn-cf.behance.net/projects/404/5ec9f864653227.Y3JvcCw0MjI5LDMzMTAsNTExLDA.jpg,"[{'r': 239, 'g': 239, 'b': 239}]",146968065,aounjbb8f,563,0,4,219,7,0
366,65362771,Drill Design,529,Industrial Design,44,1,0,https://mir-s3-cdn-cf.behance.net/projects/404/9dbd7b65362771.Y3JvcCwyMTg2LDE3MTEsMjI2LDU1MA.jpg,"[{'r': 50, 'g': 51, 'b': 50}]",7880115,Blakeritch9443,1867,9,3,315,13,0
367,68308691,Future Festool Drill concept (2016),452,Industrial Design,39,1,0,https://mir-s3-cdn-cf.behance.net/projects/404/2ae7a968308691.Y3JvcCw5OTUsNzc4LDQ1OCw5Ng.jpg,"[{'r': 218, 'g': 218, 'b': 218}]",110403283,Adriaan_Oudemans,711,6,6,928,51,0
368,68739025,DRILL Machine,440,Industrial Design,25,1,1,https://a5.behance.net/54e1c59327a738f2fc6d1725d9da6fd503f588c2/img/covers/404-blocked.png,"[{'r': 254, 'g': 254, 'b': 254}]",188991315,tonoyavhi4431,440,1,1,128,6,0
369,70021719,Hand drill Design,405,Industrial Design,12,1,0,https://mir-s3-cdn-cf.behance.net/projects/404/c956a570021719.5b95b5aa771e2.jpg,"[{'r': 255, 'g': 250, 'b': 232}]",12546559,goodlures,1669,0,1,80,4,5
370,71705393,Drill Sharpener,362,Industrial Design,12,1,0,https://mir-s3-cdn-cf.behance.net/projects/404/e98edf71705393.Y3JvcCwxOTE3LDE1MDAsNDcsMA.jpg,"[{'r': 251, 'g': 251, 'b': 250}]",48624985,cuttermasters,1111,0,1,177,3,0
371,71857165,Drill design,358,Industrial Design,20,1,0,https://mir-s3-cdn-cf.behance.net/projects/404/296c2771857165.Y3JvcCwyNDAxLDE4NzgsMCw2MDA.jpg,"[{'r': 178, 'g': 177, 'b': 183}]",74197037,mkrtumyana89f1,905,9,3,196,22,0
372,74317901,PGT Redesign,291,Industrial Design,74,1,0,https://mir-s3-cdn-cf.behance.net/projects/404/66482e74317901.Y3JvcCwxMjAwLDkzOCwwLDE0.png,"[{'r': 173, 'g': 175, 'b': 169}]",154582671,nehasajja,531,4,4,219,2,0
373,74708273,Black & Decker Drill Render Practice,282,Industrial Design,17,1,0,https://mir-s3-cdn-cf.behance.net/projects/404/75bf3874708273.Y3JvcCwxMTM5LDg5MSw4LDA.jpg,"[{'r': 205, 'g': 205, 'b': 205}]",48716453,thepershinator,1110,18,6,638,12,2
374,74957693,Drill Machine Sketch,277,Illustration,11,1,0,https://mir-s3-cdn-cf.behance.net/projects/404/514d0674957693.5c3f37dea0d84.jpg,"[{'r': 254, 'g': 254, 'b': 254}]",284076919,marcelisen2947,287,0,1,154,11,0
375,75518889,BOSCH Cordless Drill Exploded & Assembled Render,264,Industrial Design,26,1,0,https://mir-s3-cdn-cf.behance.net/projects/404/c3a46075518889.Y3JvcCwyNTMwLDE5NzksMCwxNDQ.jpg,"[{'r': 180, 'g': 180, 'b': 180}]",25248909,cansuakin583b,1381,25,5,455,9,0
376,77183377,concept drill machine for household uses.,227,Industrial Design,14,1,0,https://mir-s3-cdn-cf.behance.net/projects/404/87c5af77183377.Y3JvcCw0NDg0LDM1MDcsMjMzLDA.png,"[{'r': 180, 'g': 207, 'b': 216}]",302308581,naddesigns,257,18,5,51,7,0
377,78646637,Drill,195,Industrial Design,9,1,0,https://mir-s3-cdn-cf.behance.net/projects/404/ba19f978646637.Y3JvcCwxMTgzLDkyNiwxNjksMA.jpg,"[{'r': 237, 'g': 204, 'b': 169}]",225538583,galkinvuc501,376,18,4,152,13,7
378,79154381,HAND DRILL Concept,183,Industrial Design,6,1,0,https://mir-s3-cdn-cf.behance.net/projects/404/0b9b5979154381.Y3JvcCwyODEyLDIyMDAsMTY3LDA.jpg,"[{'r': 254, 'g': 254, 'b': 254}]",308873325,MaiHanNguyc90e,246,0,0,44,2,0
379,79487245,3D Modeling and Visualization: Drill 2N125L,176,Graphic Design,4,1,0,https://mir-s3-cdn-cf.behance.net/projects/404/50bec379487245.Y3JvcCwzODM1LDMwMDAsMTUxLDA.jpg,"[{'r': 255, 'g': 255, 'b': 254}]",348106249,asmcg-studio,176,0,3,191,18,0
380,79487769,3d Modeling and Visualization: Drill 2K52,175,Graphic Design,7,1,0,https://mir-s3-cdn-cf.behance.net/projects/404/cb61d679487769.Y3JvcCwxMzQyLDEwNTAsNDksMA.jpg,"[{'r': 254, 'g': 254, 'b': 254}]",348106249,asmcg-studio,176,0,3,191,18,0
381,80723129,Portfolio - Product Design,148,Industrial Design,43,1,0,https://mir-s3-cdn-cf.behance.net/projects/404/76bb5780723129.Y3JvcCwxMDIyLDgwMCwxNTEsMA.jpg,"[{'r': 154, 'g': 29, 'b': 184}]",40056599,ghaniasohail,1191,2,2,110,8,0
382,81770087,Nerf Drill,123,Industrial Design,12,1,0,https://mir-s3-cdn-cf.behance.net/projects/404/42211181770087.Y3JvcCwzNzkzLDI5NjcsMzcsMA.jpg,"[{'r': 255, 'g': 255, 'b': 255}]",244203609,livdeluca,352,23,24,616,29,0
383,81791721,electric drill,123,Industrial Design,9,1,0,https://mir-s3-cdn-cf.behance.net/projects/404/852c4281791721.Y3JvcCw4MDgsNjMyLDAsMA.png,"[{'r': 201, 'g': 200, 'b': 200}]",126940679,christopherleto,640,0,0,13,2,0
384,83312547,ROCK DRILL,88,Industrial Design,7,1,0,https://mir-s3-cdn-cf.behance.net/projects/404/08632783312547.Y3JvcCwyOTE0LDIyNzksMjUyLDE0.jpg,"[{'r': 116, 'g': 116, 'b': 116}]",147062947,felscruz,563,2,1,15,1,0
385,86144173,Wheelgun Design,20,Industrial Design,7,1,0,https://mir-s3-cdn-cf.behance.net/projects/404/51b96f86144173.Y3JvcCw3NjYsNTk5LDQ2NiwzMg.png,"[{'r': 20, 'g': 35, 'b': 75}]",258247017,Zaaijer,330,3,1,27,2,1
386,86688309,DRILL,8,Industrial Design,4,1,0,https://mir-s3-cdn-cf.behance.net/projects/404/a45e4286688309.Y3JvcCwyMDk5LDE2NDIsMTQ1LDA.jpg,"[{'r': 254, 'g': 254, 'b': 254}]",430942931,jasonnpatry,15,3,8,58,15,0
387,8716413,CAD Eaxamples,2348,Industrial Design,103,1,0,https://mir-s3-cdn-cf.behance.net/projects/404/8716413.5478dccc4e7b5.jpg,"[{'r': 253, 'g': 254, 'b': 252}]",1111095,saralinginfelter,2733,1,25,2462,39,0
388,8960461,CAD modeling - Drill (ProE),2336,Engineering,84,1,0,https://mir-s3-cdn-cf.behance.net/projects/404/8960461.547a0d4e1aac4.jpg,"[{'r': 172, 'g': 170, 'b': 175}]",1548209,mjsbluesun,2603,0,7,690,8,0
389,9236807,DeWalt Drill,2322,Digital Art,209,1,0,https://mir-s3-cdn-cf.behance.net/projects/404/9236807.547b72fee9562.jpg,"[{'r': 51, 'g': 44, 'b': 41}]",2606099,Eugenewang,2367,13,40,4755,91,0
390,11671523,Katawa Drill,2187,Industrial Design,65,0,0,https://mir-s3-cdn-cf.behance.net/projects/404/11671523.5481b7d8984cf.jpg,"[{'r': 255, 'g': 255, 'b': 255}]",3905913,SamuelSauceda,2187,10,5,334,2,0
391,15729767,RYOBI Hand drill,2029,Drawing,217,0,0,https://mir-s3-cdn-cf.behance.net/projects/404/15729767.5489fb80af4af.jpg,"[{'r': 254, 'g': 254, 'b': 254}]",2328011,Dumisani_Tshabalala,2417,101,59,2640,116,23
392,21985667,Hand Drill,1774,Industrial Design,46,0,0,https://mir-s3-cdn-cf.behance.net/projects/404/21985667.54891a97cea8f.jpg,"[{'r': 163, 'g': 163, 'b': 163}]",5330575,timz96,2047,3,8,2548,62,0
393,22036249,"""Space Drill"" movie prop.",1772,Industrial Design,50,0,0,https://mir-s3-cdn-cf.behance.net/projects/404/22036249.548b9e508d016.jpg,"[{'r': 16, 'g': 17, 'b': 28}]",10249079,TobyWheeler91,1775,3,3,280,3,0
394,22660179,Drill's Display,1226,Engineering,48,0,0,https://mir-s3-cdn-cf.behance.net/projects/404/22660179.54b3e73628781.jpg,"[{'r': 255, 'g': 255, 'b': 255}]",217231,jesso_damiani,3350,35,34,2778,135,1
395,24393557,Dino Drill,1677,Industrial Design,49,0,0,https://mir-s3-cdn-cf.behance.net/projects/404/1ab32024393557.5509938350f77.jpg,"[{'r': 253, 'g': 254, 'b': 254}]",9549265,ACStudios,1809,37,36,1307,82,7
396,30627523,Drill Sculpture,1457,Industrial Design,18,0,0,https://mir-s3-cdn-cf.behance.net/projects/404/95814130627523.562ba7d32a8bf.jpg,"[{'r': 240, 'g': 212, 'b': 160}]",20047175,LizCaputo,1457,4,13,1077,86,0
397,31254069,Drill Press Bracket - AutoCAD,1434,Engineering,96,0,0,https://mir-s3-cdn-cf.behance.net/projects/404/b236aa31254069.Y3JvcCw1NTksNDM3LDE5LDQ.jpg,"[{'r': 253, 'g': 253, 'b': 253}]",21362509,jwatson21,1443,0,8,1130,37,0
398,34275349,Drill head detector,1336,Industrial Design,46,0,0,https://mir-s3-cdn-cf.behance.net/projects/404/7abb2034275349.Y3JvcCw1MjEsNDA4LDAsMA.jpg,"[{'r': 245, 'g': 245, 'b': 245}]",622360,seanlee_id,2966,3,7,1336,7,0
399,34948845,Stabilized Dip Drill,1317,Industrial Design,36,0,0,https://mir-s3-cdn-cf.behance.net/projects/404/fee4af34948845.Y3JvcCwzMjYxLDI1NTEsMjIsMA.jpg,"[{'r': 238, 'g': 244, 'b': 244}]",19219243,jaehyun_an,1469,4,5,442,10,0
400,35649507,Ryobi Drill animation,1297,Animation,79,0,0,https://mir-s3-cdn-cf.behance.net/projects/404/ec36e035649507.Y3JvcCwyMjczLDE3NzcsMTI2LDI0.jpg,"[{'r': 255, 'g': 255, 'b': 255}]",24294675,wjleonard,1396,8,4,483,7,0
401,36581817,CAD Study - Power Drill,1270,Industrial Design,36,0,0,https://mir-s3-cdn-cf.behance.net/projects/404/e7551c36581817.Y3JvcCwxNjg4LDEzMjAsNDA5LDI3NQ.jpg,"[{'r': 178, 'g': 178, 'b': 178}]",33382143,natesharko,1270,2,1,53,0,0
402,37395337,DUCATI DRILL,1248,Industrial Design,35,0,0,https://mir-s3-cdn-cf.behance.net/projects/404/af210d37395337.Y3JvcCwzNTA4LDI3NDAsMCww.jpg,"[{'r': 254, 'g': 254, 'b': 254}]",31000707,vaibhavdha0f49,1302,6,7,555,18,0
403,37395559,Intrepid : Hand Drill Machine for Ducati,1248,Branding,37,0,0,https://mir-s3-cdn-cf.behance.net/projects/404/a241a037395559.Y3JvcCw0NjIsMzYyLDY4LDA.jpg,"[{'r': 254, 'g': 254, 'b': 254}]",27081497,sanjanaachar,1355,18,24,1062,71,0
404,38121515,Portfolio 2014,1230,Industrial Design,90,0,0,https://mir-s3-cdn-cf.behance.net/projects/404/f1643438121515.Y3JvcCwzNTA4LDI3NDAsMCwxMTEx.jpg,"[{'r': 233, 'g': 249, 'b': 244}]",36068119,ElliotKirby,1236,6,2,224,1,0
405,38448845,Hand Tools - Koçtaş,1221,Industrial Design,166,0,0,https://mir-s3-cdn-cf.behance.net/projects/404/b3838138448845.Y3JvcCw0MDUwMCwzMTcwMCwwLDA.jpg,"[{'r': 216, 'g': 169, 'b': 90}]",3050019,SanerOzturkler,2295,15,89,7890,200,14
