projectID,name,publishedTime,field,views,appreciations,comments,pic,owner,city,country
72532359,Lamborghini Urus,20181113,Automotive Design,2676,278,6,https://mir-s3-cdn-cf.behance.net/projects/404/c5944672532359.Y3JvcCwxNDAwLDEwOTUsMCw0OTU.jpg,leda88b2,Milano,Italy
71248927,Volkswagen CC 2018 | Sense of Beauty,20181011,Animation,2350,163,7,https://mir-s3-cdn-cf.behance.net/projects/404/9cf18271248927.Y3JvcCwxMjU5LDk4NCw2NDUsNTk.jpg,GUMLAB,Shanghai,China
68939231,ALIENO ARCANUM,20180811,Automotive Design,3049,217,18,https://mir-s3-cdn-cf.behance.net/projects/404/696e9568939231.Y3JvcCwyMzAxLDE4MDAsNDU1LDA.jpg,Enchev,Sofia,Bulgaria
68434169,DS-X CONCEPT CAR,20180729,Photography,7180,694,29,https://mir-s3-cdn-cf.behance.net/projects/404/693e1468434169.Y3JvcCwxNDM4LDExMjUsNDc3LDA.jpg,williamcrozes,Paris,France
56436945,Rolls Royce Phantom - 2017,20170905,Automotive Design,9249,780,27,https://mir-s3-cdn-cf.behance.net/projects/404/8bcf4d56436945.Y3JvcCwxMzM5LDEwNDgsMzMwLDA.jpg,harjitvirdee,Worcester,United Kingdom
70897369,DSD Golem,20181002,Industrial Design,5561,318,21,https://mir-s3-cdn-cf.behance.net/projects/404/e8319b70897369.Y3JvcCw0MTQ2LDMyNDMsMjU2LDc0OQ.jpg,JMAznar,Barcelona,Spain
69622585,RENAULT FOR RUSSIA | COMPETITION PROJECT,20180830,Automotive Design,11076,626,22,https://mir-s3-cdn-cf.behance.net/projects/404/2ec22569622585.Y3JvcCwxODQxLDE0NDAsMzA5LDA.jpg,trafim97edcc,Abakan,Russian Federation
70627223,Porsche 919 Hybrid + 919 Hybrid EVO,20180925,Advertising,2780,167,8,https://mir-s3-cdn-cf.behance.net/projects/404/51ab0770627223.Y3JvcCwxNzA0LDEzMzMsMTQ3LDA.jpg,thomas_schorn,Cologne,Germany
40849415,VW Polo Beats Edition Catalogue,20160720,Photography,7543,534,25,https://mir-s3-cdn-cf.behance.net/projects/404/71a4ac40849415.Y3JvcCw5MTUsNzE2LDExNyww.jpg,fredericstreicher,Hamburg,Germany
33151191,Subaru Forester - Global Campaign,20160122,Advertising,3908,203,4,https://mir-s3-cdn-cf.behance.net/projects/404/12a5a433151191.Y3JvcCwxMzE0LDEwMjcsODMsMA.jpg,peterdawson,Los Angeles,United States
67451559,Mars Concept Vehicle Render,20180703,Illustration,3016,76,10,https://mir-s3-cdn-cf.behance.net/projects/404/ffb65667451559.Y3JvcCwxODQxLDE0NDAsNDEsMA.png,jeremylwande,Dallas,United States
68575823,Exterior Design of the Silvermine 11SR track racer,20180802,Automotive Design,5011,279,16,https://mir-s3-cdn-cf.behance.net/projects/404/f208eb68575823.Y3JvcCwzNzUyLDI5MzUsMCww.jpg,marcovanoverbeeke,Utrecht,Netherlands
63244941,Audi RS 6,20180315,Photography,9087,543,11,https://mir-s3-cdn-cf.behance.net/projects/404/93f3e963244941.Y3JvcCwxNzA4LDEzMzcsMCww.jpg,thomas_schorn,Cologne,Germany
26834007,Eagle Speedster Miami,20150604,Automotive Design,4092,326,7,https://mir-s3-cdn-cf.behance.net/projects/404/a6f8d126834007.55703c7eb7486.jpg,james3a20,Los Angeles,United States
65458231,Lamborghini Pura SuperVeloce Concept 2022,20180511,Industrial Design,10382,669,44,https://mir-s3-cdn-cf.behance.net/projects/404/74f10865458231.Y3JvcCwxMzYxLDEwNjUsMjU1LDM3Mw.jpg,fernandopastre,São José do Rio Preto,Brazil
64555413,Sketchbook Jan. - Mar. 2018,20180418,Automotive Design,5149,571,18,https://mir-s3-cdn-cf.behance.net/projects/404/20d7a164555413.Y3JvcCwxMjAyLDk0MSwwLDExMg.png,johannkim,Stuttgart,Germany
62029343,In Lux,20180213,Creative Direction,6924,782,8,https://mir-s3-cdn-cf.behance.net/projects/404/a7ce6462029343.Y3JvcCw2NjEsNTE3LDMyNCwyNDQ.jpg,gonecoyote,Venice,United States
64022847,Texas - the story...,20180405,Photography,5742,464,15,https://mir-s3-cdn-cf.behance.net/projects/404/dd6b2664022847.Y3JvcCwxMzQ1LDEwNTMsNTMsMA.jpg,recomblacksmith,Trudovets,Bulgaria
63833229,HYUNDAI MOTORSTUDIO GOYANG 2017 Kinetic object,20180330,Exhibition Design,13881,1071,25,https://mir-s3-cdn-cf.behance.net/projects/404/a9e2ab63833229.Y3JvcCw3NTUsNTkxLDIzMSw0OA.jpg,easywith,Seoul,"Korea, Republic of"
63203231,The future is now,20180314,Automotive Design,13839,1306,33,https://mir-s3-cdn-cf.behance.net/projects/404/3936a063203231.Y3JvcCwxOTIyLDE1MDQsNDIsMA.jpg,thomas_schorn,Cologne,Germany
54640677,O4 interior project,20180317,Automotive Design,17247,1909,55,https://mir-s3-cdn-cf.behance.net/projects/404/0d966a54640677.Y3JvcCwxMjQ5LDk3Nyw4MCwxNjM4.jpg,RomaZenin,Royal Leamington Spa,United Kingdom
62679761,VW ID-Tech concept,20180301,Automotive Design,9977,701,16,https://mir-s3-cdn-cf.behance.net/projects/404/cf3f6b62679761.Y3JvcCw2OTAsNTQwLDY3NCwxNTE.jpg,antoniopagliadesign6,Milano,Italy
62418621,SPARTAN CAMARO,20180228,Automotive Design,8449,890,18,https://mir-s3-cdn-cf.behance.net/projects/404/7330e962418621.Y3JvcCw1NTEyLDQzMTQsMTU5MiwxMDYx.jpg,byShift,Monterrey,Mexico
62186351,"CARe - fractal family car, RCA",20180217,Automotive Design,9434,618,20,https://mir-s3-cdn-cf.behance.net/projects/404/2cb9d362186351.Y3JvcCw3MjIsNTY1LDgzLDgw.jpg,anandasink94ea,London,United Kingdom
62032259,Halo & McLaren MCL33 Livery Concept,20180213,Industrial Design,8525,400,15,https://mir-s3-cdn-cf.behance.net/projects/404/422bd562032259.Y3JvcCwxODg3LDE0NzcsMTMzMiwyNzQ.jpg,esamust,Lahti,Finland
61916123,Rolex 24h DAYTONA,20180210,Photography,23122,1325,44,https://mir-s3-cdn-cf.behance.net/projects/404/28e6a961916123.5a7e82092ec9f.jpg,AgnieszkaDoroszewicz,Hamburg,Germany
60760109,Suzuki S-Cross,20180112,Motion Graphics,4925,248,8,https://mir-s3-cdn-cf.behance.net/projects/404/d2ca6c60760109.Y3JvcCwxMzg0LDEwODMsMjcwLDA.jpg,Balzerini,Hamburg,Germany
60988235,ACURA NEX Sponsored Studio,20180118,Automotive Design,7257,611,16,https://mir-s3-cdn-cf.behance.net/projects/404/081de860988235.Y3JvcCwyMjQyLDE3NTUsNjAzLDA.jpg,pictafied,Rochester Hills,United States
60236235,Alpine A130,20171227,Automotive Design,7735,553,18,https://mir-s3-cdn-cf.behance.net/projects/404/b9748460236235.5aad61854c090.jpg,sancho737275,Los Angeles,United States
59844095,Young Designer Awards 2018,20171214,Automotive Design,7668,626,14,https://mir-s3-cdn-cf.behance.net/projects/404/5c1a4359844095.Y3JvcCwyMDA0LDE1NjksMCwyMTc.jpg,rdcompaafc,Paris,France
58224841,Porsche 959S for 000 Magazine,20171028,Automotive Design,5637,725,16,https://mir-s3-cdn-cf.behance.net/projects/404/5ad54258224841.Y3JvcCwxMTk0LDkzNCwxMTUsMA.jpg,alexmbernsteinb62a,Los Angeles,United States
59684799,Volvo Concept Saloon,20171209,Industrial Design,4836,352,11,https://mir-s3-cdn-cf.behance.net/projects/404/ebfd6e59684799.5a2b158336f92.png,degraaffdesign,Coventry,United Kingdom
59330629,OURSIDE,20171129,Industrial Design,8226,834,15,https://mir-s3-cdn-cf.behance.net/projects/404/17cd1c59330629.Y3JvcCwyNTQ3LDE5OTQsMTU1MywyNzA.jpg,Arturschei78c8,Pforzheim,Germany
54991355,BMW Classic Cars Calendar,20170721,Photography,5730,667,21,https://mir-s3-cdn-cf.behance.net/projects/404/a166af54991355.Y3JvcCwxNjA2LDEyNTcsMTgyLDQ3.jpg,mail1eeb,Munich,Germany
58144763,#AUDIBOARD22,20171026,Automotive Design,4304,223,18,https://mir-s3-cdn-cf.behance.net/projects/404/e9677158144763.Y3JvcCwxMzgyLDEwODIsMzA3LDA.jpg,PavelPevchev,Milano,Italy
57093739,Toyota - Neon C-HR,20170925,Art Direction,7017,888,17,https://mir-s3-cdn-cf.behance.net/projects/404/a3a13957093739.Y3JvcCwxODM4LDE0MzksNTk5LDE4.jpg,SerialCut,Madrid,Spain
56348017,Mercedes-Benz Unimog - Sherpa,20170902,Automotive Design,4723,412,12,https://mir-s3-cdn-cf.behance.net/projects/404/c69b3a56348017.Y3JvcCw3NjksNjAyLDM5NywyNjI.jpg,DavidVoltner,Zlín,Czech Republic
44709177,Singer Monaco car,20161103,Photography,2812,378,14,https://mir-s3-cdn-cf.behance.net/projects/404/9958a644709177.Y3JvcCwxMjQ5LDk3NywxMTQsNzQ2.jpeg,tomwheatley,Limoux,France
45555503,Parking,20161123,Photography,37716,2163,83,https://mir-s3-cdn-cf.behance.net/projects/404/f8d58345555503.Y3JvcCwxMjgxLDEwMDMsMTgwLDA.jpg,AgnieszkaDoroszewicz,Hamburg,Germany
55876581,BMW Concept Z4,20170818,Photography,27978,2122,102,https://mir-s3-cdn-cf.behance.net/projects/404/2da00e55876581.Y3JvcCwxMTgyLDkyNSwwLDA.jpg,AgnieszkaDoroszewicz,Hamburg,Germany
55738935,Car design sketches 2,20170814,Automotive Design,7808,467,16,https://mir-s3-cdn-cf.behance.net/projects/404/d4455155738935.Y3JvcCwyMzQ3LDE4MzcsMTUwLDA.png,gabihantig,London,United Kingdom
52734937,If Aliens do CGI,20170517,Art Direction,13937,1770,52,https://mir-s3-cdn-cf.behance.net/projects/404/fd576e52734937.Y3JvcCw4NDIsNjU5LDAsNjg0.jpg,Maximilian924d,Berlin,Germany
52421413,New futurism,20170515,Automotive Design,8952,1269,0,https://mir-s3-cdn-cf.behance.net/projects/404/149f4e52421413.Y3JvcCwxMDA0LDc4NiwxNyww.png,dirclumsy,Budapest,Hungary
54278971,Hodgepodge 2,20170629,Industrial Design,7141,696,18,https://mir-s3-cdn-cf.behance.net/projects/404/2c8c8654278971.Y3JvcCwyODY4LDIyNDUsNTczLDA.jpg,trikivu,Salzburg,Austria
53279063,BMW Concept 8 Series,20170531,Photography,46328,3678,118,https://mir-s3-cdn-cf.behance.net/projects/404/ff5a1b53279063.Y3JvcCwyMDUwLDE2MDUsMTExLDA.jpg,AgnieszkaDoroszewicz,Hamburg,Germany
52703953,Mclaren: Senior Capstone Project,20170519,Automotive Design,11832,1447,40,https://mir-s3-cdn-cf.behance.net/projects/404/d458fa52703953.Y3JvcCwxOTk3LDE1NjMsMTg4Myw4OTI.jpg,RaleighHaire,Cincinnati,United States
50681849,Mazda FRX,20170326,Automotive Design,5242,649,19,https://mir-s3-cdn-cf.behance.net/projects/404/e624f750681849.Y3JvcCw3NTksNTk0LDU0NSw1Mzg.jpg,airoldist48bd,Torino,Italy
30190165,"XC 04, supercar concept",20151009,Automotive Design,5361,373,12,https://mir-s3-cdn-cf.behance.net/projects/404/2818d830190165.561727106d1c8.jpg,Venkov,Bratislava,Slovakia
51519929,Ghost in the Shell - Batou's Car,20170414,Automotive Design,6522,655,16,https://mir-s3-cdn-cf.behance.net/projects/404/3ac3c951519929.Y3JvcCwxNTQ0LDEyMDgsMCww.jpg,maciejkuciara,Santa Monica,United States
51400803,pokemon car,20170411,Automotive Design,4306,494,33,https://mir-s3-cdn-cf.behance.net/projects/404/7c498c51400803.Y3JvcCwzMzkzLDI2NTYsMTY5Miww.jpg,tlswogh7204756,Seoul,"Korea, Republic of"
45195903,"D.THRONE S / Electric car, Industrial product",20161114,Industrial Design,2938,350,13,https://mir-s3-cdn-cf.behance.net/projects/404/d71a3645195903.Y3JvcCw3OTYsNjIzLDAsMTM.jpg,joonghochoi,Seoul,"Korea, Republic of"
49157743,Mercedes-Benz EASY,20170223,Animation,6781,472,8,https://mir-s3-cdn-cf.behance.net/projects/404/68912749157743.Y3JvcCwzNTY2LDI3OTEsMjUxOCw4NDU.jpg,martin-chatelier,Sèvres,France
48522105,Ursus Revolution,20170208,Industrial Design,5499,465,7,https://mir-s3-cdn-cf.behance.net/projects/404/e2a80f48522105.Y3JvcCw4OTcsNzAyLDI3OSww.jpg,danielplatek,London,United Kingdom
49059987,Volkswagen RW1 Internship Project 2016,20170220,Automotive Design,4772,477,12,https://mir-s3-cdn-cf.behance.net/projects/404/e936e749059987.Y3JvcCw0MDUsMzE3LDQzNSwyMzI.jpg,gtzonta,São Paulo,Brazil
48494895,Porsche 919 Legend Reincarnated_Autonomous & VR Racing,20170207,Industrial Design,4482,367,12,https://mir-s3-cdn-cf.behance.net/projects/404/92f1d848494895.Y3JvcCw0NTQwLDM1NTQsMTc5LDA.jpg,swarooproy,Chennai,India
31283519,Wunderman | Land Rover,20151117,Advertising,6210,470,20,https://mir-s3-cdn-cf.behance.net/projects/404/a3e81531283519.Y3JvcCw4MTAsNjM0LDAsMA.png,pictestudio,São Paulo,Brazil
36477347,Yet Another Supersport,20160426,Automotive Design,3295,165,6,https://mir-s3-cdn-cf.behance.net/projects/404/6955e536477347.Y3JvcCwyNjYzLDIwODIsNTM2LDA.jpg,mikedee,Saqqaq,Greenland
48447731,Concept car / Exposition,20170207,Photography,3877,348,10,https://mir-s3-cdn-cf.behance.net/projects/404/12ca4248447731.Y3JvcCw0MDE0LDMxNDEsMTU1Niww.jpg,patriceminol,Royal Leamington Spa,United Kingdom
36105755,Headlight Design - ZKW Matrix V45,20160418,Automotive Design,5570,443,16,https://mir-s3-cdn-cf.behance.net/projects/404/8336e636105755.Y3JvcCwyMzkwLDE4NjgsNTcxLDA.jpg,Peschkedesign,Vienna,Austria
47864611,Opel Pelican,20170124,Industrial Design,6709,639,23,https://mir-s3-cdn-cf.behance.net/projects/404/b6117d47864611.Y3JvcCwxMTY0LDkxMSwzMDcsNDI1.jpg,rukyjma161,Seoul,"Korea, Republic of"
35559591,MITSUBISHI evo,20160330,Automotive Design,6313,1079,17,https://mir-s3-cdn-cf.behance.net/projects/404/85a3d635559591.Y3JvcCwxMDk0LDg1NiwwLDA.jpg,Windowlightstudio,Bangalore,India
44318657,Random Free Sketches II,20161025,Industrial Design,11935,1031,40,https://mir-s3-cdn-cf.behance.net/projects/404/6f4eca44318657.Y3JvcCwxMTAzLDg2MywxNDksMA.jpg,esamust,Lahti,Finland
34367605,Rolls Royce // Design Project,20160225,Digital Art,2172,157,3,https://mir-s3-cdn-cf.behance.net/projects/404/83db9334367605.Y3JvcCwyMjY3LDE3NzEsMzgwLDA.jpg,pjoveneaux,Lille,France
47067989,Ferrari 430,20170106,Photography,33856,1809,69,https://mir-s3-cdn-cf.behance.net/projects/404/5322a447067989.Y3JvcCwxMzQxLDEwNTAsMjksMA.jpg,AgnieszkaDoroszewicz,Hamburg,Germany
45906645,Volvo Autonomous Trailer AT404,20161202,Industrial Design,2520,194,6,https://mir-s3-cdn-cf.behance.net/projects/404/5ed92a45906645.Y3JvcCw0OTIxLDM4NTIsMCww.jpg,daesoonHwang,Seoul,"Korea, Republic of"
45657429,"DELAGE ""HERITAGE 2020""",20161125,Industrial Design,4025,327,4,https://mir-s3-cdn-cf.behance.net/projects/404/b5ee7a45657429.Y3JvcCwxOTE3LDE1MDAsMzAzLDE2NQ.jpg,csohierde26,Paris,France
45228513,Black,20161115,Photography,8861,659,27,https://mir-s3-cdn-cf.behance.net/projects/404/95a39045228513.Y3JvcCwxMjY0LDk5MCw2OCww.jpg,AgnieszkaDoroszewicz,Hamburg,Germany
45252817,Car rendering!,20161115,Industrial Design,18666,1784,44,https://mir-s3-cdn-cf.behance.net/projects/404/10d3f245252817.5ae4dd3560a26.jpg,farzinnima6870,Pasadena,United States
45180645,(Process) Mercedes-Benz 2040 W196R Streamliner,20161114,Industrial Design,14293,1460,46,https://mir-s3-cdn-cf.behance.net/projects/404/4d26f145180645.Y3JvcCwzMjE2LDI1MTcsMCw1MjQ.jpg,Minwoong_Im,Seoul,"Korea, Republic of"
44938903,LAND ROVER Concept Autonomous vehicle _ (Refinement),20161109,Industrial Design,6298,600,13,https://mir-s3-cdn-cf.behance.net/projects/404/22586644938903.Y3JvcCwyMjcxLDE3NzcsMzcwLDA.jpg,jins00,Seoul,"Korea, Republic of"
38482675,Hyundai Elantra | in-house ver.,20160617,Art Direction,1816,139,7,https://mir-s3-cdn-cf.behance.net/projects/404/7dc87d38482675.Y3JvcCw1MzMsNDE3LDIyMiw1MQ.png,anotnnenashev,Moscow,Russian Federation
44573369,Peugeot Lumie - Hongik Univ 2016 degree show,20161031,Industrial Design,10668,1056,31,https://mir-s3-cdn-cf.behance.net/projects/404/79743e44573369.Y3JvcCwyNDg2LDE5NDUsMCwxNzE.jpeg,Changha,Seoul,"Korea, Republic of"
44543099,Mercedes-Benz 2040 W196R Streamliner,20161030,Industrial Design,10373,930,41,https://mir-s3-cdn-cf.behance.net/projects/404/d02f6e44543099.Y3JvcCw0NjE5LDM2MTUsMCw1NzA.jpeg,Minwoong_Im,Seoul,"Korea, Republic of"
37137929,PS | Illustration series No.2,20160516,Art Direction,15977,1824,61,https://mir-s3-cdn-cf.behance.net/projects/404/4ead3037137929.Y3JvcCwxMTQwLDg5MCwxOTksMjAy.jpg,neatful,Hamburg,Germany
44516461,Porsche Macan Coupe,20161029,Automotive Design,2448,146,12,https://mir-s3-cdn-cf.behance.net/projects/404/52f93944516461.Y3JvcCwxMzg0LDEwODMsMTM5Nyww.jpeg,Julien-Debras,Los Angeles,United States
44350475,VOLVO / ZERO Hong-ik Univ. 2016 Degree Show,20161026,Industrial Design,8601,799,19,https://mir-s3-cdn-cf.behance.net/projects/404/b97a1244350475.Y3JvcCw0MDUsMzE3LDAsMA.jpg,Gun-kim,Seoul,"Korea, Republic of"
44195223,Volvo Luxury Redefined,20161022,Industrial Design,8499,700,11,https://mir-s3-cdn-cf.behance.net/projects/404/274f7b44195223.Y3JvcCwxMjAzLDk0MSw5MDMsODA.jpeg,martinschopka,Ingolstadt,Germany
44156105,Porsche GT3 Cup,20161021,Photography,5735,524,21,https://mir-s3-cdn-cf.behance.net/projects/404/06ec6644156105.Y3JvcCwxNzg2LDEzOTgsMjMzLDI5MQ.jpeg,AgnieszkaDoroszewicz,Hamburg,Germany
43829909,Porsche Panamera with Fernando Guerra,20161012,Photography,1968,165,1,https://mir-s3-cdn-cf.behance.net/projects/404/df63d943829909.Y3JvcCwxMjgyLDEwMDQsMTU1LDA.jpeg,bpda4b,Hamburg,Germany
43837767,Audi Future Le Mans Vision Car & Racing Shoes,20161013,Industrial Design,12552,1143,28,https://mir-s3-cdn-cf.behance.net/projects/404/31d2ac43837767.Y3JvcCwxNjY5LDEzMDcsMjEwLDA.jpeg,danielplatek,London,United Kingdom
31431951,The HAMB Drags,20151121,Automotive Design,6491,622,18,https://mir-s3-cdn-cf.behance.net/projects/404/f7697231431951.Y3JvcCw2OTQsNTQyLDQ3LDI5.png,AllanPeters,Minneapolis,United States
29208829,BMW 3.0 CSL Hommage R,20150903,Automotive Design,6565,653,20,https://mir-s3-cdn-cf.behance.net/projects/404/4cb9d029208829.55e76cf9f34e4.jpg,Doeke,Pforzheim,Germany
37369435,CLA // MercedesBenz,20160519,Automotive Design,2924,349,9,https://mir-s3-cdn-cf.behance.net/projects/404/c00f3d37369435.Y3JvcCw4OTQsNjk5LDQ2LDA.jpg,jennycremer,Cologne,Germany
42959073,Alpine Racing Concept,20160918,Industrial Design,12119,974,26,https://mir-s3-cdn-cf.behance.net/projects/404/582c2842959073.59ae3ef9bdb64.jpg,tonylchen,Irvine,United States
28015605,Peregrine 3 concept car,20150718,Automotive Design,7146,548,28,https://mir-s3-cdn-cf.behance.net/projects/404/158f6328015605.55ee82cb40f53.jpg,kodg,Kharkiv,Ukraine
36710771,The BMW i8 - 100 Years Tribute,20160502,Automotive Design,3268,259,25,https://mir-s3-cdn-cf.behance.net/projects/404/c2947436710771.Y3JvcCwxMjUwLDk3OSwzMjcsMA.jpg,santell,Bogotá,Colombia
42373461,OPEL XT Concept 03.2016-07.2016,20160903,Industrial Design,20216,2020,55,https://mir-s3-cdn-cf.behance.net/projects/404/6152dd42373461.Y3JvcCw4NTksNjczLDQzNyww.jpg,Gary-Guo,Pforzheim,Germany
42222915,OPEL H,20160830,Industrial Design,23575,2305,72,https://mir-s3-cdn-cf.behance.net/projects/404/9bd33942222915.Y3JvcCwxMTA0LDg2NCwxMzAsMTI1.jpg,RomaZenin,Royal Leamington Spa,United Kingdom
35252621,Mercedes Benz Magazine March 2016,20160321,Automotive Design,6437,529,13,https://mir-s3-cdn-cf.behance.net/projects/404/74378a35252621.Y3JvcCw4NTIsNjY2LDk4LDE.jpg,bpda4b,Hamburg,Germany
41701203,REVOLT Xe LMP concept,20160815,Graphic Design,1686,92,2,https://mir-s3-cdn-cf.behance.net/projects/404/45433c41701203.Y3JvcCw5MjUsNzI0LDM5NSwxMjE.jpg,kipkubisz,Lubbock,United States
41609089,MILK // MercedesBenz,20160812,Photography,2109,189,8,https://mir-s3-cdn-cf.behance.net/projects/404/fb831741609089.Y3JvcCw3NjYsNjAwLDIyOSw1NA.jpg,jennycremer,Cologne,Germany
41416153,RENAULT Z,20160806,Industrial Design,7064,682,8,https://mir-s3-cdn-cf.behance.net/projects/404/489ca041416153.Y3JvcCw1ODYsNDU5LDIxLDA.jpg,inshdesign908e,Minsk,Belarus
40186189,LAND ROVER - OFFENDER,20160726,Industrial Design,10050,800,21,https://mir-s3-cdn-cf.behance.net/projects/404/9209cc40186189.Y3JvcCwxMzczLDEwNzQsMjYxLDU.jpg,EpinatDSGN,Royal Leamington Spa,United Kingdom
41248995,Mercedes-Benz DTW (le Mans 2030),20160801,Industrial Design,11766,1191,39,https://mir-s3-cdn-cf.behance.net/projects/404/ae894541248995.Y3JvcCwzMDA3LDIzNTMsMCwxMTg.jpg,martin-chatelier,Sèvres,France
10140377,Helivehicle,20130731,Automotive Design,16263,1190,74,https://mir-s3-cdn-cf.behance.net/projects/404/10140377.547f93a6dd3f6.jpg,Jennymin,Seoul,"Korea, Republic of"
41227701,Le Mans Alpine A-2030,20160731,Industrial Design,5000,464,8,https://mir-s3-cdn-cf.behance.net/projects/404/5d591741227701.Y3JvcCw5MTYsNzE3LDQ4NCww.jpg,rdcompaafc,Paris,France
40878883,[ Matrēshka ] Modular Driverless Vehicles,20160726,Branding,5278,465,19,https://mir-s3-cdn-cf.behance.net/projects/404/2ea94340878883.Y3JvcCw4MTUsNjM4LDEzNiwxNzE.jpg,Filin,Moscow,Russian Federation
40980113,Renault Fluence,20160724,Advertising,17747,612,35,https://mir-s3-cdn-cf.behance.net/projects/404/7108b240980113.Y3JvcCwxMDU5LDgyOSwwLDA.jpg,patrickcurtet,Los Angeles,United States
26063133,Laferrari process,20150509,Automotive Design,4464,507,15,https://mir-s3-cdn-cf.behance.net/projects/404/d55c2a26063133.554e049102074.jpg,lvguanglue1ce,Shanghai,China
36774421,Ferrari GTO,20160504,Automotive Design,9371,753,23,https://mir-s3-cdn-cf.behance.net/projects/404/6d446736774421.Y3JvcCwyMTg4LDE3MTIsMCww.jpg,AgnieszkaDoroszewicz,Hamburg,Germany
37920711,V concept,20160603,Automotive Design,9104,623,9,https://mir-s3-cdn-cf.behance.net/projects/404/63f3d337920711.Y3JvcCw0NzIsMzcwLDM2NiwyNDg.jpg,antoniopagliadesign6,Milano,Italy
40204333,Creative Retouching,20160701,Digital Photography,4572,400,25,https://mir-s3-cdn-cf.behance.net/projects/404/aa0d4640204333.Y3JvcCwxNTgwLDEyMzYsMjE1LDA.jpg,mikalaujin,Los Angeles,United States
21919863,Maserati Sebring,20150310,Automotive Design,3798,609,12,https://mir-s3-cdn-cf.behance.net/projects/404/d4cc1721919863.Y3JvcCwyMDUwLDE2MDUsMCww.jpg,IgorJ,Novi Sad,Serbia
40470869,Apple Ipearl Concept,20160709,Automotive Design,2729,131,1,https://mir-s3-cdn-cf.behance.net/projects/404/393a7240470869.Y3JvcCwxOTE4LDE1MDIsNTQ1LDA.jpg,kimaginefuture,Pasadena,United States
3085995,AutomotiveDesign | SketchWorks,20120207,Automotive Design,5513,409,65,https://mir-s3-cdn-cf.behance.net/projects/404/3085995.545b3851d51d3.jpg,DanielePelligra,Siracusa,Italy
9546651,HWRacing Formula Student Livery,20150626,Automotive Design,451,13,1,https://mir-s3-cdn-cf.behance.net/projects/404/508a019546651.558c1b1121c65.jpg,iainrcdobie,Livingston,United Kingdom
5319153,Mov+ Urban Commuter,20120929,Automotive Design,1025,25,3,https://mir-s3-cdn-cf.behance.net/projects/404/5319153.5466a30514fbf.jpg,jozedwardo,Delft,Netherlands
10568061,DBC Concept,20130826,Automotive Design,37317,1304,91,https://mir-s3-cdn-cf.behance.net/projects/404/10568061.54802c3ddfd67.jpg,samirsadikhov,Gandza,Azerbaijan
37362009,CONCEPT SEDAN // BMW,20160519,Automotive Design,3490,230,4,https://mir-s3-cdn-cf.behance.net/projects/404/3a4e5437362009.Y3JvcCw4NDAsNjU4LDMwMSwzMQ.jpg,jennycremer,Cologne,Germany
38793211,2013 MINI F56 Hatch (production car),20160626,Automotive Design,1644,159,5,https://mir-s3-cdn-cf.behance.net/projects/404/e8809f38793211.Y3JvcCwyNjEzLDIwNDQsMCw2NA.jpg,stefan_goe972a,München,Germany
20728721,FORD F150 RAPTOR,20141023,Automotive Design,10301,1255,38,https://mir-s3-cdn-cf.behance.net/projects/404/20728721.5448a2ab8efff.jpg,dkds,Novosibirsk,Russian Federation
33088033,MASERATI M-conqueror,20160120,Automotive Design,795,43,2,https://mir-s3-cdn-cf.behance.net/projects/404/5460f733088033.Y3JvcCwzNTQ5LDI3NzYsNzQ2LDI3Mg.jpg,seyoon_jeong,Busan,"Korea, Republic of"
7129357,Audi RALLY KING | The Ultimate Rally Experience,20130213,Automotive Design,25193,1674,49,https://mir-s3-cdn-cf.behance.net/projects/404/7129357.5470438181ccb.jpg,tonylchen,Irvine,United States
4293363,Insignia//testDrive,20120621,Automotive Design,6764,670,44,https://mir-s3-cdn-cf.behance.net/projects/404/d45fb44293363.55af8ca11177b.jpg,AleksCG,Amsterdam,Netherlands
24926129,Audi-R8 Tommy Modified car,20150331,Automotive Design,1802,189,13,https://mir-s3-cdn-cf.behance.net/projects/404/c8a56324926129.5519730abe18e.jpg,89761621b64c,Beijing,China
27281325,Le Mans 2015 Legend Race,20150621,Automotive Design,893,171,3,https://mir-s3-cdn-cf.behance.net/projects/404/2d825b27281325.Y3JvcCw4OTQsNzAwLDAsMA.jpg,davidd_dreamtalks,Prague,Czech Republic
38458451,Koenigsegg Legera Concept,20160616,Automotive Design,4484,221,9,https://mir-s3-cdn-cf.behance.net/projects/404/ae490c38458451.Y3JvcCwxMzE0LDEwMjgsMjQwLDE2OQ.jpg,jennmueng,Menlo Park,United States
818107,WSLF,20101119,Automotive Design,2542,216,13,https://mir-s3-cdn-cf.behance.net/projects/404/7fa88b818107.Y3JvcCwxNTc0LDEyMzEsMzY0LDg2.jpg,albertfornos,Barcelona,Spain
29197669,Peugeot 'Fractal' Campaign - Worldwide,20150902,Advertising,5368,427,19,https://mir-s3-cdn-cf.behance.net/projects/404/18f13429197669.55e70eb4db7d3.jpg,wallace47,Manchester,United Kingdom
16075865,citroen traction avant,20140413,Automotive Design,9209,789,27,https://mir-s3-cdn-cf.behance.net/projects/404/38ef3916075865.Y3JvcCwzMTY5LDI0NzksMjAyLDA.jpg,AnisVasave,Pune,India
31289865,Peugeot M15,20151117,Automotive Design,13065,1414,40,https://mir-s3-cdn-cf.behance.net/projects/404/bee64631289865.Y3JvcCwyNzU5LDIxNjAsNTMzLDA.png,julienfesquet,Royal Leamington Spa,United Kingdom
37998893,GT concept for AUFEER DESIGN // 2016 Pforzheim MA 1,20160604,Automotive Design,5956,396,9,https://mir-s3-cdn-cf.behance.net/projects/404/ac1bdc37998893.Y3JvcCw3NjQsNTk3LDM1MSwzODA.jpg,arpadtakacs,Budapest,Hungary
12440949,"OPEL CONCEPT CAR ""ELIXIR"" by Paul Czyżewski",20131127,Automotive Design,6385,463,19,https://mir-s3-cdn-cf.behance.net/projects/404/12440949.5482d0728b61b.jpg,PaulBreshke,Warsaw,Poland
17844039,Audi A 2.0 project master TAD,20140623,Automotive Design,1938,73,0,https://mir-s3-cdn-cf.behance.net/projects/404/ab0ba517844039.55f54a5fd31fd.jpg,antoniopagliadesign6,Milano,Italy
33626575,FSO Polonez Concept 2016,20160203,Automotive Design,4878,353,13,https://mir-s3-cdn-cf.behance.net/projects/404/5296b833626575.Y3JvcCw5MDksNzExLDAsNDk.jpg,wolinskidesign,Milan,Italy
36787547,2024 Buick Mariana Concept Show Car,20160504,Automotive Design,1625,140,4,https://mir-s3-cdn-cf.behance.net/projects/404/d90ed736787547.Y3JvcCwzODE3LDI5ODksOTAwLDA.jpg,43110connie,Marysville,United States
13953463,Formula Uno,20140123,Automotive Design,317,16,0,https://mir-s3-cdn-cf.behance.net/projects/404/dde5ee13953463.Y3JvcCw4NzYsNjg1LDE0OSwxMA.jpg,vhborges,Niterói,Brazil
16697833,Rezvani Beast,20140507,Automotive Design,13471,1120,59,https://mir-s3-cdn-cf.behance.net/projects/404/b1f46a16697833.558fea0f05191.jpg,samirsadikhov,Gandza,Azerbaijan
36856363,Honda F2 Lizard,20160506,Automotive Design,5822,648,19,https://mir-s3-cdn-cf.behance.net/projects/404/85d3b036856363.Y3JvcCwyNjEyLDIwNDMsNDQ2LDQ5MQ.jpg,trikivu,Salzburg,Austria
36861233,Car Sketches,20160506,Automotive Design,702,92,0,https://mir-s3-cdn-cf.behance.net/projects/404/1f7d7836861233.Y3JvcCwxMjk3LDEwMTUsMzUyLDA.jpg,jaecdesign,Utica,United States
25690159,Audi union 2017,20150427,Automotive Design,11800,1133,26,https://mir-s3-cdn-cf.behance.net/projects/404/cde08425690159.Y3JvcCw0NzMsMzcwLDE0MCw4MQ.jpg,burov-art,Moscow,Russian Federation
16240199,City Rover,20160426,Automotive Design,2702,349,11,https://mir-s3-cdn-cf.behance.net/projects/404/7c161f16240199.Y3JvcCw1MzUsNDE4LDAsMjM.jpg,marinm,Tirana,Albania
36605435,Ferrari LaFerrari I,20160428,Automotive Design,782,105,8,https://mir-s3-cdn-cf.behance.net/projects/404/ee843236605435.Y3JvcCw2MjYsNDkwLDEzLDA.jpg,synthetisant,Schleiz,Germany
17938885,The rebirth of Triumph,20140627,Automotive Design,1173,61,2,https://mir-s3-cdn-cf.behance.net/projects/404/17938885.548d316e4d701.jpg,Compton7,Coventry,United Kingdom
17541441,Rover Revival Final Year Project,20140611,Automotive Design,782,53,2,https://mir-s3-cdn-cf.behance.net/projects/404/17541441.548c9bbbbedde.jpg,jpicton,Ingolstadt,Germany
32283293,Classical Le Mans Porsche concept,20151222,Automotive Design,954,93,3,https://mir-s3-cdn-cf.behance.net/projects/404/b6b12532283293.Y3JvcCwxNDIxLDExMTEsODksNTE.jpg,Enchev,Sofia,Bulgaria
17225865,Volkswagen GTI Roadster Vision Gran Turismo,20140602,Advertising,5889,539,27,https://mir-s3-cdn-cf.behance.net/projects/404/25f56217225865.Y3JvcCwxMDI5LDgwNSw4Niww.jpg,tiagoaiello,Wolfsburg,Germany
17763351,Audi Office concept,20140620,Automotive Design,3736,259,14,https://mir-s3-cdn-cf.behance.net/projects/404/511ef217763351.Y3JvcCw0MDQsMzE2LDAsMA.jpg,KonradCholewka,Torino,Italy
16494287,Nissan Vulkano Concept,20140430,Automotive Design,8606,729,34,https://mir-s3-cdn-cf.behance.net/projects/404/16494287.548b13e4b0979.png,adonisalcici,Campinas,Brazil
34029226,Porsche Macan GTS in Los Angeles,20160216,Automotive Design,5283,291,5,https://mir-s3-cdn-cf.behance.net/projects/404/57e23534029226.Y3JvcCwzOTAwLDMwNTAsMjQxLDA.jpg,curvedigital,Nottingham,United Kingdom
27378513,Audi AVUS quattro,20150624,Automotive Design,6017,422,21,https://mir-s3-cdn-cf.behance.net/projects/404/e1ae6527378513.56277f0ee0ab9.jpg,junuyea,Seoul,"Korea, Republic of"
30185427,DELAHAYE  94  Concept Car 2015 by Paul Breshke,20151009,Automotive Design,4230,336,28,https://mir-s3-cdn-cf.behance.net/projects/404/8ad22430185427.5616e8b0b2146.jpg,PaulBreshke,Warsaw,Poland
26762503,Lexus Luxury Coupe,20150602,Automotive Design,3386,260,7,https://mir-s3-cdn-cf.behance.net/projects/404/f1652726762503.556d5d3e3b309.jpg,Simonwells,Warren,United States
26076779,Maserati Tipo 975 Ernesto,20150523,Automotive Design,14958,991,31,https://mir-s3-cdn-cf.behance.net/projects/404/f0806c26076779.556fba09ed0c4.jpg,mauricemaschmeyer,Pasadena,United States
27309677,BMW 3.0 CSL Hommage Concept,20150624,Automotive Design,5473,541,12,https://mir-s3-cdn-cf.behance.net/projects/404/c3aab127309677.55872beea8629.jpg,Doeke,Pforzheim,Germany
16095871,"Toyota vehicle efficiency for 2025 ""Zen""",20140414,Automotive Design,1824,121,0,https://mir-s3-cdn-cf.behance.net/projects/404/16095871.548a806dd1307.jpg,echodetroit925,Detroit,United States
30703145,Vehicles vol. 0,20151027,Automotive Design,7726,893,20,https://mir-s3-cdn-cf.behance.net/projects/404/4d26d430703145.Y3JvcCw5MjQsNzIzLDAsNg.jpg,ffrm,Kemerovo,Russian Federation
17618585,_dytron,20140613,Automotive Design,206,8,0,https://mir-s3-cdn-cf.behance.net/projects/404/17618585.548cb91454660.png,arnoldkittabf38,Bratislava,Slovakia
16951669,Nimbus™ e-Car - Future is calling,20140518,Art Direction,1694,128,10,https://mir-s3-cdn-cf.behance.net/projects/404/16951669.548bbd8ae54ac.png,eduardogalvani,Florianópolis,Brazil
26890397,BMW M Zero - Thesis project,20150607,Automotive Design,16725,1578,51,https://mir-s3-cdn-cf.behance.net/projects/404/dd0e8d26890397.55745a9aeac9e.jpg,AP29,Royal Leamington Spa,United Kingdom
16917619,"Craft Racing AMR 2013 ""New Car"" Livery",20140516,Automotive Design,757,21,0,https://mir-s3-cdn-cf.behance.net/projects/404/16917619.548bb108e2804.jpg,jj-72,City,Hong Kong
13732123,SketchBook,20140115,Automotive Design,3830,360,10,https://mir-s3-cdn-cf.behance.net/projects/404/96c53f13732123.Y3JvcCw4OTAsNjk3LDM1NCww.jpg,frederic18,Mazamet,France
19265921,PORSCHE 911 TURBO HYBRID,20150328,Automotive Design,7407,633,19,https://mir-s3-cdn-cf.behance.net/projects/404/66e6c819265921.5516dd4811cbf.jpg,dkonit,Munich,Germany
22423865,Surnia,20150103,Automotive Design,9466,888,52,https://mir-s3-cdn-cf.behance.net/projects/404/2f0ad922423865.5534b03daefc1.jpg,kodg,Kharkiv,Ukraine
13513759,My Sketchbook,20140113,Automotive Design,2860,237,25,https://mir-s3-cdn-cf.behance.net/projects/404/13513759.54843248bc16d.jpg,MarcoAlferez,Bellflower,United States
11633637,sketches,20131022,Automotive Design,1811,317,24,https://mir-s3-cdn-cf.behance.net/projects/404/11633637.5481a9b476923.jpg,bartoszjaniszewski,Bydgoszcz,Poland
13261697,INFINITI G37 Coupe Next generation_2012,20131219,Automotive Design,4144,188,4,https://mir-s3-cdn-cf.behance.net/projects/404/13261697.5483d71cbf255.jpg,Moon_ks,Seoul,"Korea, Republic of"
28544299,24h SPA PHOENIX Audi R8LMS,20150808,Advertising,6161,412,21,https://mir-s3-cdn-cf.behance.net/projects/404/85c95228544299.55c5160867b0e.jpg,AgnieszkaDoroszewicz,Hamburg,Germany
31516167,Zagato Shooting Brake,20151124,Automotive Design,2731,276,8,https://mir-s3-cdn-cf.behance.net/projects/404/51a29931516167.Y3JvcCw4NzYsNjg1LDk1LDE0OQ.jpg,dean5508,Hitchin,United Kingdom
33733556,LMP1// Porsche 919,20160206,Automotive Design,30720,1863,113,https://mir-s3-cdn-cf.behance.net/projects/404/e8a0ff33733556.Y3JvcCwxMjc3LDk5OCwyNiwy.jpg,AgnieszkaDoroszewicz,Hamburg,Germany
33003381,Ford Mustang 1966,20160118,Automotive Design,2362,329,21,https://mir-s3-cdn-cf.behance.net/projects/404/73f28133003381.Y3JvcCwxNDcwLDExNTIsMzIyLDY.jpg,dde,Moscow,Russian Federation
27013293,PHOENIX Audi R8LMS,20150611,Art Direction,17725,947,65,https://mir-s3-cdn-cf.behance.net/projects/404/7ed3c227013293.55789eb51a3f3.jpg,AgnieszkaDoroszewicz,Hamburg,Germany
32061059,AARD (DAKAR RALLY 2025) / by JAE KANG HA,20151213,Automotive Design,13274,1067,39,https://mir-s3-cdn-cf.behance.net/projects/404/82fe2e32061059.Y3JvcCwzMzMwLDI2MDUsNzc0LDQzNg.jpg,jaekangha,Seoul,"Korea, Republic of"
29609249,Mercedes SL|PURE - Bachelorthesis Matthias Böttcher,20150918,Automotive Design,7779,566,22,https://mir-s3-cdn-cf.behance.net/projects/404/cc3d3029609249.55fae96e86719.jpg,Boettchi,Stuttgart,Germany
12753759,Nitro Inktober-2013,20131203,Automotive Design,5913,912,54,https://mir-s3-cdn-cf.behance.net/projects/404/12753759.5483156cb8689.jpg,nitrouzzz,Surgut,Russian Federation
21142237,Peugeot Quartz - The Making Of,20141108,Automotive Design,9927,1149,35,https://mir-s3-cdn-cf.behance.net/projects/404/21142237.545dd02645604.jpg,romainbucaille,Paris,France
27193535,SKODA Vision GT,20150618,Automotive Design,13663,1134,48,https://mir-s3-cdn-cf.behance.net/projects/404/1a2b7b27193535.5581a9966df08.jpg,batsi22,Plzeň,Czech Republic
26720873,Mclaren MP6/P,20150601,Art Direction,15711,2141,86,https://mir-s3-cdn-cf.behance.net/projects/404/0fc67726720873.556b966d7eb5c.jpg,nathandearsley,Horsham,United Kingdom
19380623,Nissan Juke - Alias Modeling,20140830,Automotive Design,3191,195,9,https://mir-s3-cdn-cf.behance.net/projects/404/19380623.548f56271176d.jpg,EpinatDSGN,Royal Leamington Spa,United Kingdom
3893489,CAR-FI,20120511,Automotive Design,22697,1078,30,https://mir-s3-cdn-cf.behance.net/projects/404/3893489.545f568634a8e.jpg,lockenwitz,Copenhagen,Denmark
26365565,500 Abarth,20150519,Photography,535,19,0,https://mir-s3-cdn-cf.behance.net/projects/404/84c82f26365565.5a9930132072c.jpg,eleonoragaleazzi,Milan,Italy
25432321,Jaguar E-type,20150417,Automotive Design,5749,679,16,https://mir-s3-cdn-cf.behance.net/projects/404/7c801825432321.561d87da1c246.jpg,tomekolszowski,Cracow,Poland
23465573,THE ONE-77 | CGi,20150208,Art Direction,18195,2002,78,https://mir-s3-cdn-cf.behance.net/projects/404/4ac35b23465573.Y3JvcCw0MDUsMzE3LDMxNCwxOTE.jpg,DuronAutomotive,Stuttgart,Germany
19893339,Seat,20140919,Advertising,5270,408,23,https://mir-s3-cdn-cf.behance.net/projects/404/19893339.541c4d2c6204e.jpg,AgnieszkaDoroszewicz,Hamburg,Germany
13561049,FORD CHAMPIONS LEAGUE,20140107,Advertising,1091,55,0,https://mir-s3-cdn-cf.behance.net/projects/404/13561049.54844367b2604.jpg,olivernavarro,Hamburg,Germany
23196717,Just playing with photoshop,20150130,Automotive Design,2618,455,22,https://mir-s3-cdn-cf.behance.net/projects/404/f02f7423196717.54ce7765f2366.jpg,Markjdesign,Portland,United States
18985797,Silverstone Classic 2014,20140812,Automotive Design,6926,684,44,https://mir-s3-cdn-cf.behance.net/projects/404/18985797.548ebfab5b62d.jpg,peteraylward,Windsor,United Kingdom
21851279,BMW 3.0 CSL Art Car,20141206,Automotive Design,23135,1748,90,https://mir-s3-cdn-cf.behance.net/projects/404/21851279.5481f080cc0a2.jpg,peteraylward,Windsor,United Kingdom
16032815,Popular Mechanics Bloodhound Car,20140418,Automotive Design,730,67,2,https://mir-s3-cdn-cf.behance.net/projects/404/16032815.548a693b1061f.jpg,sinelab,Cardiff,United Kingdom
16279663,CloudMade Automotive solution,20140425,Automotive Design,3123,185,16,https://mir-s3-cdn-cf.behance.net/projects/404/16279663.548ac41627ba4.png,lieto,London,United Kingdom
22946221,Talento Volkswagen Design 2013 - SOAPBOX  RX - 2° Place,20150121,Automotive Design,7059,435,10,https://mir-s3-cdn-cf.behance.net/projects/404/22946221.54bfbc007b6dd.jpg,raquelvillani,Milan,Italy
16188767,Ford Mustang 289,20140417,Art Direction,2504,277,15,https://mir-s3-cdn-cf.behance.net/projects/404/16188767.548aa2b35abd4.jpg,peteraylward,Windsor,United Kingdom
20596071,Bugatti Type 35B,20141018,Automotive Design,1919,232,24,https://mir-s3-cdn-cf.behance.net/projects/404/20596071.54418304ee8be.jpg,peteraylward,Windsor,United Kingdom
13212145,MG 5,20131218,Automotive Design,1467,82,6,https://mir-s3-cdn-cf.behance.net/projects/404/13212145.5483c4621e1b9.jpg,devision,Almaty,Kazakhstan
11852721,FORD S-MAX,20131101,Advertising,1854,54,2,https://mir-s3-cdn-cf.behance.net/projects/404/11852721.5481fa267e73e.jpg,olivernavarro,Hamburg,Germany
18198345,Adobe Sketch,20140719,Illustration,9762,1313,20,https://mir-s3-cdn-cf.behance.net/projects/404/18198345.548d93a51c4e3.jpg,creaziz,Sakarya,Turkey
14167293,Mitsubishi,20140131,Automotive Design,1909,151,7,https://mir-s3-cdn-cf.behance.net/projects/404/14167293.54851fc26358e.jpg,devision,Almaty,Kazakhstan
19316957,MP4 12-Kills,20140826,Automotive Design,4110,376,33,https://mir-s3-cdn-cf.behance.net/projects/404/19316957.548f3dfced801.jpg,yasidDESIGN,London,United Kingdom
18381195,eMembrane Concept Tire,20140716,Automotive Design,10978,698,18,https://mir-s3-cdn-cf.behance.net/projects/404/18381195.548dd8b0aee83.jpg,scottlenkowsky,Shanghai,China
10260809,nThree,20130909,Automotive Design,28332,2000,69,https://mir-s3-cdn-cf.behance.net/projects/404/10260809.547fbf5888f81.jpg,Skyrill,Manama,Bahrain
5710613,Nissan JUKE Ministry of Sound,20121030,Advertising,4239,161,11,https://mir-s3-cdn-cf.behance.net/projects/404/5710613.5468b2bf95578.png,mecanique-g,Paris,France
13640731,KLOP,20140110,Automotive Design,2670,306,15,https://mir-s3-cdn-cf.behance.net/projects/404/13640731.548460c960bdd.jpg,slavasaakyan,Moscow,Russian Federation
16463981,Captain America | Coupé Design by Daniel Simon,20140429,Automotive Design,71519,4275,187,https://mir-s3-cdn-cf.behance.net/projects/404/16463981.548b08ba173f1.jpg,danielsimonstudio,Los Angeles,United States
13617425,1938 Alfa Romeo 8C 2900 Mille Miglia,20140110,Automotive Design,1414,76,4,https://mir-s3-cdn-cf.behance.net/projects/404/13617425.5484581ce5872.png,milancambier,Brussels,Belgium
11242881,Aston Martin DB5,20131009,Animation,2230,262,24,https://mir-s3-cdn-cf.behance.net/projects/404/11242881.54811d9e5ba72.jpg,jasonarmstrong,Sydney,Australia
10723837,Citroën C4 Lounge,20130912,Art Direction,7379,548,51,https://mir-s3-cdn-cf.behance.net/projects/404/10723837.5480647b14d1a.jpg,caebrasil,London,United Kingdom
12141567,TRICAR CONCEPT CAR INVISIUM,20131115,Automotive Design,3920,159,8,https://mir-s3-cdn-cf.behance.net/projects/404/12141567.548261f738342.jpg,PaulBreshke,Warsaw,Poland
10614119,Renault Fly GT,20130928,Automotive Design,3551,198,9,https://mir-s3-cdn-cf.behance.net/projects/404/10614119.54803cb8deecc.jpg,KonradCholewka,Torino,Italy
10162207,Muscle Car,20130802,Automotive Design,3684,358,23,https://mir-s3-cdn-cf.behance.net/projects/404/10162207.547f9c98c8b70.jpg,kmiklas,Wrocław,Poland
8156433,MINI NEXT FAMILY,20130515,Animation,791,16,1,https://mir-s3-cdn-cf.behance.net/projects/404/8156433.5475ce996069f.jpg,stefanstoeckle,Berlin,Germany
8572373,Volvo - Ocean Race,20130508,Advertising,1694,136,5,https://mir-s3-cdn-cf.behance.net/projects/404/8572373.547812dc7bf7f.jpg,JoakimAberg,Gothenburg,Sweden
7574537,Peugeot 208 | Brasil,20130313,Advertising,5311,405,19,https://mir-s3-cdn-cf.behance.net/projects/404/efbdab7574537.Y3JvcCw4OTMsNjk3LDAsMA.jpg,tiagoaiello,Wolfsburg,Germany
5379275,Concept CAR - SYMBIONT - SUV and 3dprint,20121004,Automotive Design,2334,82,0,https://mir-s3-cdn-cf.behance.net/projects/404/bda4835379275.55c651af1af4d.jpg,2sympleks,Warsaw,Poland
6426495,Chevrolet Onix,20121225,Automotive Design,2240,58,0,https://mir-s3-cdn-cf.behance.net/projects/404/6426495.546c8008b6d90.jpg,levorato,São Paulo,Brazil
6302667,Richard Buckminster Fuller's Dymaxion Car,20130223,Automotive Design,1656,41,1,https://mir-s3-cdn-cf.behance.net/projects/404/6302667.546bd847da20b.jpg,jonstone,Skegness,United Kingdom
8114623,WILD RUBIS,20130412,Art Direction,11162,548,36,https://mir-s3-cdn-cf.behance.net/projects/404/8114623.5475944dc26dc.jpg,Nivalle,Paris,France
6993393,MINI Cooper S Paceman,20130205,Art Direction,24820,1535,71,https://mir-s3-cdn-cf.behance.net/projects/404/6993393.546f87d435e52.jpg,TheHejz,Warsaw,Poland
2097248,Citroen Taranis concept,20110908,Automotive Design,9917,787,25,https://mir-s3-cdn-cf.behance.net/projects/404/48864b2097248.Y3JvcCw4OTcsNzAyLDI1Miww.jpg,pjn,London,United Kingdom
6796261,"BUGATTI   GANGLOFF   CONCEPT CAR , INVISIUM",20130123,Automotive Design,175089,5175,267,https://mir-s3-cdn-cf.behance.net/projects/404/6796261.546e799a80a65.jpg,PaulBreshke,Warsaw,Poland
4755901,DJ concept commercial vehicle,20120808,Automotive Design,1660,62,1,https://mir-s3-cdn-cf.behance.net/projects/404/453cc54755901.Y3JvcCwxNDAwLDEwOTMsMCwy.jpg,beatzshinn,Warren,United States
5391719,KIA Art Car,20121005,Automotive Design,39952,2165,111,https://mir-s3-cdn-cf.behance.net/projects/404/5391719.5467025b88fce.jpg,jessicawalsh,New York,United States
5556876,Exona concept car,20121018,Automotive Design,1603,40,2,https://mir-s3-cdn-cf.behance.net/projects/404/f737345556876.Y3JvcCw0MDUsMzE3LDAsMA.jpg,zenox3d,Vrbas,Serbia
5076675,DS3 CABRIOLET,20120907,Automotive Design,14929,922,68,https://mir-s3-cdn-cf.behance.net/projects/404/5076675.546565ebe1729.jpg,studiococ6,San Francisco,United States
5118841,Land Rover Discovery 4,20120912,Automotive Design,2521,136,9,https://mir-s3-cdn-cf.behance.net/projects/404/5118841.54659ccb60406.jpg,devision,Almaty,Kazakhstan
